Name,Id,Rainfall,StartDate,EndDate,SizeHa,Longitude,Latitude,Source
Abu Harba,195,186.2429962,2500,1600,10.6,37.38200555,35.44246096,"PalaeoSyr Database (unbpublished but accessible to authors, see http://www.cepam.cnrs.fr/spip.php?rubrique175&lang=fr) "
Abu Kula,190,437.2900085,2550,1500,10,42.32779246,36.66782111,"Wilkinson. T. J., Tucker. D. J., (1995) Settlement and Development in the North Jazira, Iraq: A study of the Archaeological Landscape, British Schhol of Archaeology in Iraq Department of Antiquities and Heritage, Baghdad."
Abu Kula,190,437.2900085,3100,2550,8,42.32779246,36.66782111,"Wilkinson. T. J., Tucker. D. J., (1995) Settlement and Development in the North Jazira, Iraq: A study of the Archaeological Landscape, British Schhol of Archaeology in Iraq Department of Antiquities and Heritage, Baghdad."
Agilah,221,255.6320038,1900,1650,31.87901,39.63867044,36.59434171,"Corona Spy Photography Mission 1038, acquired 22/01/1967"
Ain Dara,68,453.8729858,1600,1000,22,36.85221859,36.46018484,"Stone. E.C., Zimansky. P. E. (1999) The Iron Age Settlement at 'Ain Dara, Syria: Survey and Soundings, BAR International Series 786"
Al-Hirbat al-Garbiyya,193,185.7579956,1800,1600,22,37.35318354,35.2588383,"PalaeoSyr Database (unbpublished but accessible to authors, see http://www.cepam.cnrs.fr/spip.php?rubrique175&lang=fr) "
Al-Hirbat al-Garbiyya,193,185.7579956,2500,2100,22,37.35318354,35.2588383,"PalaeoSyr Database (unbpublished but accessible to authors, see http://www.cepam.cnrs.fr/spip.php?rubrique175&lang=fr) "
Aleppo,123,341.9819946,2000,1600,108,37.16267578,36.1993127,"NIGRO, L. 1997 - 1999. Yamkhad / Aleppo: Investigating the Second Millennium BC Capital of Northern Syria Through Islamic, Byzantine and Classical Towns. Environmental Design: Journal of the Islamic Environmental Design Research Centre, 46 - 55."
Aleppo,123,341.9819946,3000,2000,13.8,37.16267578,36.1993127,"NIGRO, L. 1997 - 1999. Yamkhad / Aleppo: Investigating the Second Millennium BC Capital of Northern Syria Through Islamic, Byzantine and Classical Towns. Environmental Design: Journal of the Islamic Environmental Design Research Centre, 46 - 55."
Ashara,203,133.7059937,3000,1200,9.8,40.56776589,34.92457145,"1. Kanjou, Y. and Tsuneki, A. (eds) (2016) A History of Syria in One Hundred Sites. Oxford: Archaeopress."
Bandar Khan,97,345.526001,1200,1000,10.4,38.69992072,36.71062777,"Corona Spy Photography Mission 1038, acquired 22/01/1967"
Bandar Khan,97,345.526001,3500,1600,10.4,38.69992072,36.71062777,"Corona Spy Photography Mission 1038, acquired 22/01/1967"
Basorin Hoyuk,231,569.2310181,2000,1200,10.6,42.34429439,37.15179403,"Algaze. G., Hammer. E., Parker. B., Breuninger. R., Knudstad. J., (2012) The Tigris-Euphrates Archaeological Reconnaissance Project. Final Report of the Cizre Dam and Cizre-Silopi Plain Survey Area, Anatolica XXXVIII"
Beddayeh,31,403.8619995,3000,2100,10,38.11969158,36.73260071,"Cooper. L., (2006) Early Urbanism on the Syrian Euphrates, Routledge"
Carcemish,38,447.8580017,1150,1000,95,38.01529328,36.82852665,"Lawrence, D., Bradbury, J., & Dunford, R. (2012). Chronology, Uncertainty and GIS: A Methodology for Characterising and Understanding Landscapes of the Ancient Near East. Journal for Ancient Studies (Special Volume 3), 353–359."
Carcemish,38,447.8580017,2500,1150,40,38.01529328,36.82852665,"Lawrence, D., Bradbury, J., & Dunford, R. (2012). Chronology, Uncertainty and GIS: A Methodology for Characterising and Understanding Landscapes of the Ancient Near East. Journal for Ancient Studies (Special Volume 3), 353–359."
Carcemish,38,447.8580017,3000,2500,4,38.01529328,36.82852665,"Lawrence, D., Bradbury, J., & Dunford, R. (2012). Chronology, Uncertainty and GIS: A Methodology for Characterising and Understanding Landscapes of the Ancient Near East. Journal for Ancient Studies (Special Volume 3), 353–359."
Chagar Bazar,136,354.9020081,1850,1500,12,40.8988161,36.87430112,"McMahon. A., Tunca. O., Bagdo. A., (2001) New Excavations at Chagar Bazar, 1999 - 2000, Iraq 63, 201 - 222"
Chagar Bazar,136,354.9020081,3100,1850,15,40.8988161,36.87430112,"McMahon. A., Tunca. O., Bagdo. A., (2001) New Excavations at Chagar Bazar, 1999 - 2000, Iraq 63, 201 - 222"
Dogir / Dougird,125,466.3800049,3900,1500,16,41.49467408,37.0354335,"1. Ristvet.L., (2005) Settlement, Economy and Society in the Tell Leilan Region, Syria, 3000-1000 BC, PhD Thesis, King's College University of Cambridge, Faculty of Oriental Studies.  2.http://leilan.yale.edu/works/regional_survey/"
Emar / Tell Maskanah,33,230.0310059,1500,1000,37,38.1162027,35.98718183,"1.Cooper. L., (2006) Early Urbanism on the Syrian Euphrates, Routledge 2.Anastasio. S., Lebeau. M., Sauvage. M., (2004) Atlas of Preclassical Upper Mesopotamia: Subartu XIII, Brepolis, Turnhout"
Emar / Tell Maskanah,33,230.0310059,2000,1500,5,38.1162027,35.98718183,"1.Cooper. L., (2006) Early Urbanism on the Syrian Euphrates, Routledge 2.Anastasio. S., Lebeau. M., Sauvage. M., (2004) Atlas of Preclassical Upper Mesopotamia: Subartu XIII, Brepolis, Turnhout"
Emar / Tell Maskanah,33,230.0310059,2550,2000,1,38.1162027,35.98718183,"1.Cooper. L., (2006) Early Urbanism on the Syrian Euphrates, Routledge 2.Anastasio. S., Lebeau. M., Sauvage. M., (2004) Atlas of Preclassical Upper Mesopotamia: Subartu XIII, Brepolis, Turnhout"
Halawa,6,240.6340027,2600,1600,15,38.10114752,36.11099323,"1. Cooper. L., (2006) Early Urbanism on the Syrian Euphrates, Routledge 2. Anastasio. S., Lebeau. M., Sauvage. M., (2004) Atlas of Preclassical Upper Mesopotamia: Subartu XIII, Brepolis, Turnhout  3. Reichel, C. D. (2004). Appendix B: Site Gazetteer. On the margin of the Euphrates : settlement and and use at Tell es-Sweyhat and in the upper Lake Assad area, Syria. in Wilkinson, T. J. (ed). Chicago, Oriental Institute of the University of Chicago: 223-262."
Halawa,6,240.6340027,3600,2600,0.7,38.10114752,36.11099323,"1. Cooper. L., (2006) Early Urbanism on the Syrian Euphrates, Routledge 2. Anastasio. S., Lebeau. M., Sauvage. M., (2004) Atlas of Preclassical Upper Mesopotamia: Subartu XIII, Brepolis, Turnhout  3. Reichel, C. D. (2004). Appendix B: Site Gazetteer. On the margin of the Euphrates : settlement and land use at Tell es-Sweyhat and in the upper Lake Assad area, Syria. in Wilkinson, T. J. (ed). Chicago, Oriental Institute of the University of Chicago: 223-262."
Hamidya,131,367.3699951,1500,1350,97.5,41.16498859,36.81604773,www.hamidi.unibe.ch https://sites.google.com/site/hamidiyataidu/home/periods-of-settlement
Hamidya,131,367.3699951,2400,1850,17,41.16498859,36.81604773,www.hamidi.unibe.ch https://sites.google.com/site/hamidiyataidu/home/periods-of-settlement
Harran,28,331.6340027,1200,1000,12,39.03076113,36.86375053,"1.Lloyd, S., Brice, W., (1951) Harran, Anatolian Studies vol 1, 77 - 111. 2.Prag, H., The 1959 Deep Sounding at Harran in Turkey, Levant, 63 - 94"
Harran,28,331.6340027,2600,1350,12,39.03076113,36.86375053,"1.Lloyd, S., Brice, W., (1951) Harran, Anatolian Studies vol 1, 77 - 111. 2.Prag, H., The 1959 Deep Sounding at Harran in Turkey, Levant, 63 - 94"
Horum Hoyuk,242,570.3040161,2600,1950,12,37.8712924,37.10848922,"1. Algaze. G., Breuninger. R., Knudstad. J. (1994) The Tigris-Euphrates Archaeological Reconnaissance Prject: Final Report of the Birecik and Carcemish Dam Survey Areas, Anatolica XX, p1 - 96 2. Marro. C. (2007) Continuity and change in the Birecil valley at the end of the third millennium BC: The archaeological evidence from Horum Hoyuk. Lyon Symposium."
Karatepe,54,571.6760254,1600,1000,1,36.35984272,36.34589223,"Casana. J. J, Wilkinson. T. J (2005) Appendix A: Gazetteer of sites in The Amuq Valley Region Projects Volume 1 Surveys in the Plain of Antioch and Orontes Delta, Turkey, 1995 - 2002 ed Yener. K. A pp 203 - 282 Oriental Institute Publications, Chicago"
Karatepe,54,571.6760254,1900,1600,11.8,36.35984272,36.34589223,"Casana. J. J, Wilkinson. T. J (2005) Appendix A: Gazetteer of sites in The Amuq Valley Region Projects Volume 1 Surveys in the Plain of Antioch and Orontes Delta, Turkey, 1995 - 2002 ed Yener. K. A pp 203 - 282 Oriental Institute Publications, Chicago"
Karatepe,54,571.6760254,2500,1900,1,36.35984272,36.34589223,"Casana. J. J, Wilkinson. T. J (2005) Appendix A: Gazetteer of sites in The Amuq Valley Region Projects Volume 1 Surveys in the Plain of Antioch and Orontes Delta, Turkey, 1995 - 2002 ed Yener. K. A pp 203 - 282 Oriental Institute Publications, Chicago"
Karatepe,54,571.6760254,3000,2500,5,36.35984272,36.34589223,"Casana. J. J, Wilkinson. T. J (2005) Appendix A: Gazetteer of sites in The Amuq Valley Region Projects Volume 1 Surveys in the Plain of Antioch and Orontes Delta, Turkey, 1995 - 2002 ed Yener. K. A pp 203 - 282 Oriental Institute Publications, Chicago"
Karatepe,54,571.6760254,3500,3000,1,36.35984272,36.34589223,"Casana. J. J, Wilkinson. T. J (2005) Appendix A: Gazetteer of sites in The Amuq Valley Region Projects Volume 1 Surveys in the Plain of Antioch and Orontes Delta, Turkey, 1995 - 2002 ed Yener. K. A pp 203 - 282 Oriental Institute Publications, Chicago"
Kasana / Kazane Hoyuk,25,422.8859863,2000,1400,32.5,38.84659016,37.11937006,"1.Creekmore, A. (2010). The Structure of Upper Mesopotamian Cities: Insight fromFluxgate Gradiometer Survey at Kazane Hoyuk, Southeastern Turkey. Archaeological Prospection, (www.interscience.wiley.com) DOI: 10.1002/arp.375 2. Anastasio. S., Lebeau. M., Sauvage. M., (2004) Atlas of Preclassical Upper Mesopotamia: Subartu XIII, Brepolis, Turnhout"
Kasana / Kazane Hoyuk,25,422.8859863,2700,2000,100,38.84659016,37.11937006,"1.Creekmore, A. (2010). The Structure of Upper Mesopotamian Cities: Insight fromFluxgate Gradiometer Survey at Kazane Hoyuk, Southeastern Turkey. Archaeological Prospection, (www.interscience.wiley.com) DOI: 10.1002/arp.375 2. Anastasio. S., Lebeau. M., Sauvage. M., (2004) Atlas of Preclassical Upper Mesopotamia: Subartu XIII, Brepolis, Turnhout"
Kasana / Kazane Hoyuk,25,422.8859863,3100,2700,6,38.84659016,37.11937006,"1.Creekmore, A. (2010). The Structure of Upper Mesopotamian Cities: Insight fromFluxgate Gradiometer Survey at Kazane Hoyuk, Southeastern Turkey. Archaeological Prospection, (www.interscience.wiley.com) DOI: 10.1002/arp.375 2. Anastasio. S., Lebeau. M., Sauvage. M., (2004) Atlas of Preclassical Upper Mesopotamia: Subartu XIII, Brepolis, Turnhout"
Kasana / Kazane Hoyuk,25,422.8859863,3800,3100,10,38.84659016,37.11937006,"1.Creekmore, A. (2010). The Structure of Upper Mesopotamian Cities: Insight fromFluxgate Gradiometer Survey at Kazane Hoyuk, Southeastern Turkey. Archaeological Prospection, (www.interscience.wiley.com) DOI: 10.1002/arp.375 2. Anastasio. S., Lebeau. M., Sauvage. M., (2004) Atlas of Preclassical Upper Mesopotamia: Subartu XIII, Brepolis, Turnhout"
Kharaba Tibn or Tell Abu Hajar,150,458.1919861,1400,1000,4.2,42.44933297,36.73094477,"Wilkinson. T. J., Tucker. D. J., (1995) Settlement and Development in the North Jazira, Iraq: A study of the Archaeological Landscape, British Schhol of Archaeology in Iraq Department of Antiquities and Heritage, Baghdad."
Kharaba Tibn or Tell Abu Hajar,150,458.1919861,2000,1400,18.6,42.44933297,36.73094477,"Wilkinson. T. J., Tucker. D. J., (1995) Settlement and Development in the North Jazira, Iraq: A study of the Archaeological Landscape, British Schhol of Archaeology in Iraq Department of Antiquities and Heritage, Baghdad."
Kharaba Tibn or Tell Abu Hajar,150,458.1919861,2550,2000,17.2,42.44933297,36.73094477,"Wilkinson. T. J., Tucker. D. J., (1995) Settlement and Development in the North Jazira, Iraq: A study of the Archaeological Landscape, British Schhol of Archaeology in Iraq Department of Antiquities and Heritage, Baghdad."
Khirbat al-'Abd,137,474.427002,1150,1000,1.74,41.99453121,36.79109646,"Tell Hamoukar, Volume 1. Urbanism and Cultural Landscapes in Northeastern Syria: The Tell Hamoukar Survey, 1999-2001. Jason A. Ur. Oriental Institute Publications. http://oi.uchicago.edu/research/pubs/catalog/oip/oip137.htm"
Khirbat al-'Abd,137,474.427002,1500,1150,16,41.99453121,36.79109646,"Tell Hamoukar, Volume 1. Urbanism and Cultural Landscapes in Northeastern Syria: The Tell Hamoukar Survey, 1999-2001. Jason A. Ur. Oriental Institute Publications. http://oi.uchicago.edu/research/pubs/catalog/oip/oip137.htm"
Khirbat al-'Abd,137,474.427002,2000,1500,10.4,41.99453121,36.79109646,"Tell Hamoukar, Volume 1. Urbanism and Cultural Landscapes in Northeastern Syria: The Tell Hamoukar Survey, 1999-2001. Jason A. Ur. Oriental Institute Publications. http://oi.uchicago.edu/research/pubs/catalog/oip/oip137.htm"
Khirbat al-'Abd,137,474.427002,3900,3300,0.9,41.99453121,36.79109646,"Tell Hamoukar, Volume 1. Urbanism and Cultural Landscapes in Northeastern Syria: The Tell Hamoukar Survey, 1999-2001. Jason A. Ur. Oriental Institute Publications. http://oi.uchicago.edu/research/pubs/catalog/oip/oip137.htm"
Khodr,124,388.3439941,4000,1000,12.25,41.43535228,36.72590654,"1. Ristvet.L., (2005) Settlement, Economy and Society in the Tell Leilan Region, Syria, 3000-1000 BC, PhD Thesis, King's College University of Cambridge, Faculty of Oriental Studies.  2.http://leilan.yale.edu/works/regional_survey/"
Koberlik,216,333.1180115,1200,1000,25.4,38.74980005,36.6814434,"Corona Spy Photography Mission 1038, acquired 22/01/1967"
Koberlik,216,333.1180115,2900,2000,25.4,38.74980005,36.6814434,"Corona Spy Photography Mission 1038, acquired 22/01/1967"
Lazzaga,128,460.3500061,2250,1550,5,41.62535383,36.89233135,"1. Ristvet.L., (2005) Settlement, Economy and Society in the Tell Leilan Region, Syria, 3000-1000 BC, PhD Thesis, King's College University of Cambridge, Faculty of Oriental Studies.  2.http://leilan.yale.edu/works/regional_survey/"
Lazzaga,128,460.3500061,2550,2250,19,41.62535383,36.89233135,"1. Ristvet.L., (2005) Settlement, Economy and Society in the Tell Leilan Region, Syria, 3000-1000 BC, PhD Thesis, King's College University of Cambridge, Faculty of Oriental Studies.  2.http://leilan.yale.edu/works/regional_survey/"
Lazzaga,128,460.3500061,2750,2550,5,41.62535383,36.89233135,"1. Ristvet.L., (2005) Settlement, Economy and Society in the Tell Leilan Region, Syria, 3000-1000 BC, PhD Thesis, King's College University of Cambridge, Faculty of Oriental Studies.  2.http://leilan.yale.edu/works/regional_survey/"
Lazzaga,128,460.3500061,3900,3100,5,41.62535383,36.89233135,"1. Ristvet.L., (2005) Settlement, Economy and Society in the Tell Leilan Region, Syria, 3000-1000 BC, PhD Thesis, King's College University of Cambridge, Faculty of Oriental Studies.  2.http://leilan.yale.edu/works/regional_survey/"
Mohammed Diyab (55),126,443.7730103,1600,1000,5,41.56301646,36.92487185,"1. Nicole.C., (2006) Tell Mohammed Diyab 3 Travaux de 1992-2000 sur les buttes A et B, Editions Recherche sur les Civilisations, Paris 2.http://leilan.yale.edu/works/regional_survey/"
Mohammed Diyab (55),126,443.7730103,1900,1600,35,41.56301646,36.92487185,"1. Nicole.C., (2006) Tell Mohammed Diyab 3 Travaux de 1992-2000 sur les buttes A et B, Editions Recherche sur les Civilisations, Paris 2.http://leilan.yale.edu/works/regional_survey/"
Mohammed Diyab (55),126,443.7730103,1950,1900,10,41.56301646,36.92487185,"1. Nicole.C., (2006) Tell Mohammed Diyab 3 Travaux de 1992-2000 sur les buttes A et B, Editions Recherche sur les Civilisations, Paris 2.http://leilan.yale.edu/works/regional_survey/"
Mohammed Diyab (55),126,443.7730103,2750,1950,50,41.56301646,36.92487185,"1. Nicole.C., (2006) Tell Mohammed Diyab 3 Travaux de 1992-2000 sur les buttes A et B, Editions Recherche sur les Civilisations, Paris 2.http://leilan.yale.edu/works/regional_survey/"
Msherifa,226,267.7669983,3000,2000,13.7,39.60673333,36.69875579,"Corona Spy Photography Mission 1038, acquired 22/01/1967"
Nervan Hoyuk,232,591.9639893,2000,1600,15,42.41921377,37.20798807,"Algaze. G., Hammer. E., Parker. B., Breuninger. R., Knudstad. J., (2012) The Tigris-Euphrates Archaeological Reconnaissance Project. Final Report of the Cizre Dam and Cizre-Silopi Plain Survey Area, Anatolica XXXVIII"
Nineveh,187,344.7420044,3500,1000,40,43.16131562,36.35900479,"Stronach. D.,Lumsden. S. (1992) UC Berkley's Excavations at Nineveh. The Biblical Archaeologist 55(4) pp227 - 233"
Nineveh,187,344.7420044,3600,3500,30,43.16131562,36.35900479,"Stronach. D.,Lumsden. S. (1992) UC Berkley's Excavations at Nineveh. The Biblical Archaeologist 55(4) pp227 - 233"
Nineveh,187,344.7420044,3700,3600,20,43.16131562,36.35900479,"Stronach. D.,Lumsden. S. (1992) UC Berkley's Excavations at Nineveh. The Biblical Archaeologist 55(4) pp227 - 233"
Nineveh,187,344.7420044,3800,3700,10,43.16131562,36.35900479,"Stronach. D.,Lumsden. S. (1992) UC Berkley's Excavations at Nineveh. The Biblical Archaeologist 55(4) pp227 - 233"
Nineveh,187,344.7420044,4000,3800,5,43.16131562,36.35900479,"Stronach. D.,Lumsden. S. (1992) UC Berkley's Excavations at Nineveh. The Biblical Archaeologist 55(4) pp227 - 233"
Oylum Hoyuk,237,497.1629944,1800,1000,13.6,37.17881245,36.69921825,"Ozgen. E., Helwing. B., (2003) On the Shifting Border between Mesopotamia and the West: Seven Seasons of Joint Turkish-German Excavations at Oylum Hoyuk, Anatolica XXIX"
Oylum Hoyuk,237,497.1629944,2500,1800,18,37.17881245,36.69921825,"Ozgen. E., Helwing. B., (2003) On the Shifting Border between Mesopotamia and the West: Seven Seasons of Joint Turkish-German Excavations at Oylum Hoyuk, Anatolica XXIX"
Oylum Hoyuk,237,497.1629944,3500,2500,13.6,37.17881245,36.69921825,"Ozgen. E., Helwing. B., (2003) On the Shifting Border between Mesopotamia and the West: Seven Seasons of Joint Turkish-German Excavations at Oylum Hoyuk, Anatolica XXIX"
Oylum Hoyuk,237,497.1629944,4000,3500,18,37.17881245,36.69921825,"Ozgen. E., Helwing. B., (2003) On the Shifting Border between Mesopotamia and the West: Seven Seasons of Joint Turkish-German Excavations at Oylum Hoyuk, Anatolica XXIX"
Rajm al-Sawan,197,195.572998,2500,1200,12,37.49758679,35.64275789,"PalaeoSyr Database (unbpublished but accessible to authors, see http://www.cepam.cnrs.fr/spip.php?rubrique175&lang=fr) "
Ras Shamra / Ugarit,82,735.9370117,1900,1200,27,35.78526106,35.60144556,"1. Van de Mieroop, M. (2003). A history of the ancient Near East c.3000 - 333BC. Oxford: Blackwell. 2.Vidal, J. (2006). Ugarit and the southern Levantine sea ports. Journal of the Economic and Social History of the Orient, 49(3), 269 - 279. 3. Yon, M. (2006). The city of Ugarit at Tell Ras Shamra. Winoa Lake: Eisenbrauns."
Ras Shamra / Ugarit,82,735.9370117,4000,1900,5,35.78526106,35.60144556,"1. Van de Mieroop, M. (2003). A history of the ancient Near East c.3000 - 333BC. Oxford: Blackwell. 2.Vidal, J. (2006). Ugarit and the southern Levantine sea ports. Journal of the Economic and Social History of the Orient, 49(3), 269 - 279. 3. Yon, M. (2006). The city of Ugarit at Tell Ras Shamra. Winoa Lake: Eisenbrauns."
Rasm al-Hammam,199,218.7089996,1600,1200,10,37.65122654,35.85350414,"PalaeoSyr Database (unbpublished but accessible to authors, see http://www.cepam.cnrs.fr/spip.php?rubrique175&lang=fr) "
Rasm al-Hammam,199,218.7089996,2500,2050,10,37.65122654,35.85350414,"PalaeoSyr Database (unbpublished but accessible to authors, see http://www.cepam.cnrs.fr/spip.php?rubrique175&lang=fr) "
Salba,56,501.2219849,2000,1600,10,36.44637831,35.33520304,"Courtois. J. C. (1973) Prospection archeologique dans la moyenne vallee de l'Oronte (El Ghab et Er Roudj: Syrie du nord-ouest), Syria 50(1/2), pp 53 - 99"
Samsat,27,603.8250122,2950,1900,5,38.51622224,37.51998178,"1. Wilkinson. T. J., Galiatsatos. N., Lawrence. D., Ricci. A., Dunford. R., Philip. G., (2012) Late Chalcolithic and Early Bronze Age Landscapes of Settlement and Mobility in the Middle Euphrates: A Reassessment, Levant 44(2), 139 - 185 2. Anastasio. S., Lebeau. M., Sauvage. M., (2004) Atlas of Preclassical Upper Mesopotamia: Subartu XIII, Brepolis, Turnhout 3.  LAWRENCE, DAN (2012) Early Urbanism in the Northern Fertile Crescent: A Comparison of Regional Settlement Trajectories and Millennial Landscape Change, Durham theses, Durham University. Available at Durham E-Theses Online: http://etheses.dur.ac.uk/5921/"
Samsat,27,603.8250122,4000,2950,10,38.51622224,37.51998178,"1. Wilkinson. T. J., Galiatsatos. N., Lawrence. D., Ricci. A., Dunford. R., Philip. G., (2012) Late Chalcolithic and Early Bronze Age Landscapes of Settlement and Mobility in the Middle Euphrates: A Reassessment, Levant 44(2), 139 - 185 2. Anastasio. S., Lebeau. M., Sauvage. M., (2004) Atlas of Preclassical Upper Mesopotamia: Subartu XIII, Brepolis, Turnhout 3.  LAWRENCE, DAN (2012) Early Urbanism in the Northern Fertile Crescent: A Comparison of Regional Settlement Trajectories and Millennial Landscape Change, Durham theses, Durham University. Available at Durham E-Theses Online: http://etheses.dur.ac.uk/5921/"
Selenkahiye,5,243.697998,2400,2000,12,38.05262987,36.09890708,"1. Cooper. L., (2006) Early Urbanism on the Syrian Euphrates, Routledge 2. Reichel, C. D. (2004). Appendix B: Site Gazetteer. On the margin of the Euphrates : settlement and land use at Tell es-Sweyhat and in the upper Lake Assad area, Syria. in Wilkinson, T. J. (ed). Chicago, Oriental Institute of the University of Chicago: 223-262."
Selenkahiye,5,243.697998,2500,2400,10,38.05262987,36.09890708,"1. Cooper. L., (2006) Early Urbanism on the Syrian Euphrates, Routledge 2. Reichel, C. D. (2004). Appendix B: Site Gazetteer. On the margin of the Euphrates : settlement and land use at Tell es-Sweyhat and in the upper Lake Assad area, Syria. in Wilkinson, T. J. (ed). Chicago, Oriental Institute of the University of Chicago: 223-262."
Sourane  (= Soufane or Sourmane?),72,349.0280151,3000,1500,5,36.72208319,35.28703633,"1. Courtois. J. C. (1973) Prospection archeologique dans la moyenne vallee de l'Oronte (El Ghab et Er Roudj: Syrie du nord-ouest), Syria 50(1/2), pp 53 - 99 2. Fortin, M., Geyer, B. & Dbyat, M., 2005. Observations preliminaires sur les schemes d'establissement dans la vallee du Ghab (Syrie) durant les ages Bronze et du Fer. In Berger, J.F. Temps et espaces de l'homme en societe, analyses et modeles spatiaux en archaeologique XXV recontres internationales d'archaeologie et d'histoire. Antibes: Editions APDCA. pp.317 - 325."
Sqalbiye,73,504.1860046,2000,1100,14.3,36.39366377,35.36816979,"1. Courtois. J. C. (1973) Prospection archeologique dans la moyenne vallee de l'Oronte (El Ghab et Er Roudj: Syrie du nord-ouest), Syria 50(1/2), pp 53 - 99 2. Fortin, M., Geyer, B. & Dbyat, M., 2005. Observations preliminaires sur les schemes d'establissement dans la vallee du Ghab (Syrie) durant les ages Bronze et du Fer. In Berger, J.F. Temps et espaces de l'homme en societe, analyses et modeles spatiaux en archaeologique XXV recontres internationales d'archaeologie et d'histoire. Antibes: Editions APDCA. pp.317 - 325. 2. Fortin. M., Cooper. E., (2014) Nouvelle prospection archeologique dans la moyenne vallee de l'Oronte: entre Cheyzar et Tell Qarqur. In New Prospecting in the Orontes Region, First Results of Archaeological Fieldwork. Eds. Bartl. K. al-Maqdissi. M. Rahden/Westf, Orient-Archaologie, pp 61 - 78. "
Tall al-Shaykh 'Ali,191,222.326004,3500,1200,24,37.11947564,34.9772139,"PalaeoSyr Database (unbpublished but accessible to authors, see http://www.cepam.cnrs.fr/spip.php?rubrique175&lang=fr) "
Tall an-Nasriyah,81,388.151001,2100,1600,30,36.65621406,35.23370819,"1. Bartl, K and al-Maqdissi, M. Ancient settlements in the middle Orontes region between ar-Rastan and Qal'at Shayzar: first results of archaeological surface investigations 2003 - 2004. [book auth.] D Morandi-Bonacossi. Urban and natural landscapes of an ancient Syrian capital: settlement and environment at Tell Mishrifeh / Qatna and in central western Syria. Udine : Forum, 2007, pp. 243 - 253. 2.al-Maqdissi, M. Surface investigations: Orontes Survey. [Online] 2012. [Cited: 13 June 2012.] www.dainst.org/en/print/23894.3. La mission conjointe franco-Syrienne de l'Oronte: premiere campaign. al-Maqdissi, M, Parayre, D and Sauvage, M. 2010, Studia Orontica, Vols. 7 - 8, pp. 42 - 50. 3.Bartl. K., al-Maqdissi. M. (2014) Archaeological Prospecting on the Middle Orontes River: Survey work between ar-Rastan and Qal'at Sayzar. In New Prospecting in the Orontes Region, First Results of Archaeological Fieldwork. Eds. Bartl. K. al-Maqdissi. M. Rahden/Westf, Orient-Archaologie, pp 61 - 78. "
Tall an-Nasriyah,81,388.151001,2500,2100,10,36.65621406,35.23370819,"1. Bartl, K and al-Maqdissi, M. Ancient settlements in the middle Orontes region between ar-Rastan and Qal'at Shayzar: first results of archaeological surface investigations 2003 - 2004. [book auth.] D Morandi-Bonacossi. Urban and natural landscapes of an ancient Syrian capital: settlement and environment at Tell Mishrifeh / Qatna and in central western Syria. Udine : Forum, 2007, pp. 243 - 253. 2.al-Maqdissi, M. Surface investigations: Orontes Survey. [Online] 2012. [Cited: 13 June 2012.] www.dainst.org/en/print/23894.3. La mission conjointe franco-Syrienne de l'Oronte: premiere campaign. al-Maqdissi, M, Parayre, D and Sauvage, M. 2010, Studia Orontica, Vols. 7 - 8, pp. 42 - 50. 3.Bartl. K., al-Maqdissi. M. (2014) Archaeological Prospecting on the Middle Orontes River: Survey work between ar-Rastan and Qal'at Sayzar. In New Prospecting in the Orontes Region, First Results of Archaeological Fieldwork. Eds. Bartl. K. al-Maqdissi. M. Rahden/Westf, Orient-Archaologie, pp 61 - 78. "
Tall an-Nasriyah,81,388.151001,3500,2500,5,36.65621406,35.23370819,"1. Bartl, K and al-Maqdissi, M. Ancient settlements in the middle Orontes region between ar-Rastan and Qal'at Shayzar: first results of archaeological surface investigations 2003 - 2004. [book auth.] D Morandi-Bonacossi. Urban and natural landscapes of an ancient Syrian capital: settlement and environment at Tell Mishrifeh / Qatna and in central western Syria. Udine : Forum, 2007, pp. 243 - 253. 2.al-Maqdissi, M. Surface investigations: Orontes Survey. [Online] 2012. [Cited: 13 June 2012.] www.dainst.org/en/print/23894.3. La mission conjointe franco-Syrienne de l'Oronte: premiere campaign. al-Maqdissi, M, Parayre, D and Sauvage, M. 2010, Studia Orontica, Vols. 7 - 8, pp. 42 - 50. 3.Bartl. K., al-Maqdissi. M. (2014) Archaeological Prospecting on the Middle Orontes River: Survey work between ar-Rastan and Qal'at Sayzar. In New Prospecting in the Orontes Region, First Results of Archaeological Fieldwork. Eds. Bartl. K. al-Maqdissi. M. Rahden/Westf, Orient-Archaologie, pp 61 - 78. "
Tall Ayu / Bsirin,51,349.8429871,3500,1000,13.1,36.7348935,35.02495029,"1. Bartl. K., al-Maqdissi. M. (2014) Archaeological Prospecting on the Middle Orontes River: Survey work between ar-Rastan and Qal'at Sayzar. In New Prospecting in the Orontes Region, First Results of Archaeological Fieldwork. Eds. Bartl. K. al-Maqdissi. M. Rahden/Westf, Orient-Archaologie, pp 61 - 78. 2.Bartl, K, al-Maqdissi, M. (2007). Ancient Settlements in the Middle Orontes Region between ar-Rastan and Qal'at Shayzar. First Results of Archaeological Surface Investigations 2003 - 2004. Urban and Natural Landscapes of an Ancient Syrian Capital, Settlement and Environment at Tell Mishrifeh/Qatna and in Central-Western Syria. in Morandi Bonacossi, D. (ed). Udine, Universita degli studi di Udine/Direction Generale des Antiquites et des Musee de Syrie: 243 - 252."
Tall Hadjdji Badr,103,420.04599,2000,1550,11.6,41.22669331,36.97853383,"Meijer. D.J.W. (1986) A Survey of Northeastern Syria, Nederlands Historisch-Archaeologisch Instituut te Istanbul, Leiden"
Tall Hadjdji Badr,103,420.04599,3000,2500,10.6,41.22669331,36.97853383,"Meijer. D.J.W. (1986) A Survey of Northeastern Syria, Nederlands Historisch-Archaeologisch Instituut te Istanbul, Leiden"
Tall Halawa 1 and 2,196,228.3540039,1200,1000,30.9,37.15027162,35.47655571,"PalaeoSyr Database (unbpublished but accessible to authors, see http://www.cepam.cnrs.fr/spip.php?rubrique175&lang=fr) "
Tall Halawa 1 and 2,196,228.3540039,2500,1800,3.4,37.15027162,35.47655571,"PalaeoSyr Database (unbpublished but accessible to authors, see http://www.cepam.cnrs.fr/spip.php?rubrique175&lang=fr) "
Tall Halawa 1 and 2,196,228.3540039,3000,2500,27.5,37.15027162,35.47655571,"PalaeoSyr Database (unbpublished but accessible to authors, see http://www.cepam.cnrs.fr/spip.php?rubrique175&lang=fr) "
Tall Stib,194,257.0140076,1200,1000,23.7,37.02356667,35.43700549,"PalaeoSyr Database (unbpublished but accessible to authors, see http://www.cepam.cnrs.fr/spip.php?rubrique175&lang=fr) "
Tall Stib,194,257.0140076,2500,1600,23.7,37.02356667,35.43700549,"PalaeoSyr Database (unbpublished but accessible to authors, see http://www.cepam.cnrs.fr/spip.php?rubrique175&lang=fr) "
Talul al-Debah / Dumdum,139,354.7780151,1700,1000,10,41.35727869,36.55811303,"1.http://leilan.yale.edu/works/regional_survey/ 2.Tell Hamoukar, Volume 1. Urbanism and Cultural Landscapes in Northeastern Syria: The Tell Hamoukar Survey, 1999-2001. Jason A. Ur. Oriental Institute Publications. http://oi.uchicago.edu/research/pubs/catalog/oip/oip137.html 2.Ristvet.L., (2005) Settlement, Economy and Society in the Tell Leilan Region, Syria, 3000-1000 BC, PhD Thesis, King's College University of Cambridge, Faculty of Oriental Studies"
Talul al-Debah / Dumdum,139,354.7780151,1900,1700,27.5,41.35727869,36.55811303,"1.http://leilan.yale.edu/works/regional_survey/ 2.Tell Hamoukar, Volume 1. Urbanism and Cultural Landscapes in Northeastern Syria: The Tell Hamoukar Survey, 1999-2001. Jason A. Ur. Oriental Institute Publications. http://oi.uchicago.edu/research/pubs/catalog/oip/oip137.html 2.Ristvet.L., (2005) Settlement, Economy and Society in the Tell Leilan Region, Syria, 3000-1000 BC, PhD Thesis, King's College University of Cambridge, Faculty of Oriental Studies"
Talul al-Debah / Dumdum,139,354.7780151,2350,2150,10,41.35727869,36.55811303,"1.http://leilan.yale.edu/works/regional_survey/ 2.Tell Hamoukar, Volume 1. Urbanism and Cultural Landscapes in Northeastern Syria: The Tell Hamoukar Survey, 1999-2001. Jason A. Ur. Oriental Institute Publications. http://oi.uchicago.edu/research/pubs/catalog/oip/oip137.html 2.Ristvet.L., (2005) Settlement, Economy and Society in the Tell Leilan Region, Syria, 3000-1000 BC, PhD Thesis, King's College University of Cambridge, Faculty of Oriental Studies"
Talul al-Debah / Dumdum,139,354.7780151,2550,2350,5,41.35727869,36.55811303,"1.http://leilan.yale.edu/works/regional_survey/ 2.Tell Hamoukar, Volume 1. Urbanism and Cultural Landscapes in Northeastern Syria: The Tell Hamoukar Survey, 1999-2001. Jason A. Ur. Oriental Institute Publications. http://oi.uchicago.edu/research/pubs/catalog/oip/oip137.html 2.Ristvet.L., (2005) Settlement, Economy and Society in the Tell Leilan Region, Syria, 3000-1000 BC, PhD Thesis, King's College University of Cambridge, Faculty of Oriental Studies"
Tell Aacharne,45,509.07901,2000,1650,71,36.39872134,35.28315455,"1. Fortin. M. (2004) Tell 'Acharneh 1998 - 2004: Rapports Preliminaires sur les Campagne de Fouilles et Saison D'Etudes (Preliminary Reports on Excavation Campaigns and Study Season), Subartu XVIII, Brepolis 2. http://www.acharneh.hst.ulaval.ca/english/frameInter.html"
Tell Aamourine,244,503.2319946,1100,1000,22,36.38161917,35.32183117,"Fortin. M., Cooper. E., (2014) Nouvelle prospection archeologique dans la moyenne vallee de l'Oronte: entre Cheyzar et Tell Qarqur. In New Prospecting in the Orontes Region, First Results of Archaeological Fieldwork. Eds. Bartl. K. al-Maqdissi. M. Rahden/Westf, Orient-Archaologie, pp 61 - 78. "
Tell Aamourine,244,503.2319946,3000,2000,22,36.38161917,35.32183117,"Fortin. M., Cooper. E., (2014) Nouvelle prospection archeologique dans la moyenne vallee de l'Oronte: entre Cheyzar et Tell Qarqur. In New Prospecting in the Orontes Region, First Results of Archaeological Fieldwork. Eds. Bartl. K. al-Maqdissi. M. Rahden/Westf, Orient-Archaologie, pp 61 - 78. "
Tell Aarade,110,304.2340088,1400,1000,12,40.40205265,37.00356672,"1. Lyonnet, B., 1996. Settlement pattern in the upper Khabur (NE Syria), from the Achaemenids to the Abbasid period: methods and preliminary results from a survey. K. Bartl-SR Hauser (éd.), Continuity and Change in Northern Mesopotamia from the Hellenistic to the Early Islamic Period, Berlin, D. Reimer Vlg, pp.349-360."
Tell Aarade,110,304.2340088,1600,1400,6.6,40.40205265,37.00356672,"1. Lyonnet, B., 1996. Settlement pattern in the upper Khabur (NE Syria), from the Achaemenids to the Abbasid period: methods and preliminary results from a survey. K. Bartl-SR Hauser (éd.), Continuity and Change in Northern Mesopotamia from the Hellenistic to the Early Islamic Period, Berlin, D. Reimer Vlg, pp.349-360."
Tell Aarade,110,304.2340088,2000,1600,12,40.40205265,37.00356672,"1. Lyonnet, B., 1996. Settlement pattern in the upper Khabur (NE Syria), from the Achaemenids to the Abbasid period: methods and preliminary results from a survey. K. Bartl-SR Hauser (éd.), Continuity and Change in Northern Mesopotamia from the Hellenistic to the Early Islamic Period, Berlin, D. Reimer Vlg, pp.349-360."
Tell Aarade,110,304.2340088,2500,2000,6.6,40.40205265,37.00356672,"1. Lyonnet, B., 1996. Settlement pattern in the upper Khabur (NE Syria), from the Achaemenids to the Abbasid period: methods and preliminary results from a survey. K. Bartl-SR Hauser (éd.), Continuity and Change in Northern Mesopotamia from the Hellenistic to the Early Islamic Period, Berlin, D. Reimer Vlg, pp.349-360."
Tell Aarade,110,304.2340088,3000,2500,7.4,40.40205265,37.00356672,"1. Lyonnet, B., 1996. Settlement pattern in the upper Khabur (NE Syria), from the Achaemenids to the Abbasid period: methods and preliminary results from a survey. K. Bartl-SR Hauser (éd.), Continuity and Change in Northern Mesopotamia from the Hellenistic to the Early Islamic Period, Berlin, D. Reimer Vlg, pp.349-360."
Tell Aarade,110,304.2340088,4000,3000,2,40.40205265,37.00356672,"1. Lyonnet, B., 1996. Settlement pattern in the upper Khabur (NE Syria), from the Achaemenids to the Abbasid period: methods and preliminary results from a survey. K. Bartl-SR Hauser (éd.), Continuity and Change in Northern Mesopotamia from the Hellenistic to the Early Islamic Period, Berlin, D. Reimer Vlg, pp.349-360."
Tell Abu Khahraf / al Andalus,109,393.394989,1300,1000,10,41.61397262,36.62343209,"1. http://leilan.yale.edu/works/regional_survey/ 2.Tell Hamoukar, Volume 1. Urbanism and Cultural Landscapes in Northeastern Syria: The Tell Hamoukar Survey, 1999-2001. Jason A. Ur. Oriental Institute Publications. http://oi.uchicago.edu/research/pubs/catalog/oip/oip137.html. 2. Ristvet.L., (2005) Settlement, Economy and Society in the Tell Leilan Region, Syria, 3000-1000 BC, PhD Thesis, King's College University of Cambridge, Faculty of Oriental Studies"
Tell Abu Khahraf / al Andalus,109,393.394989,1500,1300,40,41.61397262,36.62343209,"1. http://leilan.yale.edu/works/regional_survey/ 2.Tell Hamoukar, Volume 1. Urbanism and Cultural Landscapes in Northeastern Syria: The Tell Hamoukar Survey, 1999-2001. Jason A. Ur. Oriental Institute Publications. http://oi.uchicago.edu/research/pubs/catalog/oip/oip137.html. 2. Ristvet.L., (2005) Settlement, Economy and Society in the Tell Leilan Region, Syria, 3000-1000 BC, PhD Thesis, King's College University of Cambridge, Faculty of Oriental Studies"
Tell Abu Khahraf / al Andalus,109,393.394989,2000,1500,10,41.61397262,36.62343209,"1. http://leilan.yale.edu/works/regional_survey/ 2.Tell Hamoukar, Volume 1. Urbanism and Cultural Landscapes in Northeastern Syria: The Tell Hamoukar Survey, 1999-2001. Jason A. Ur. Oriental Institute Publications. http://oi.uchicago.edu/research/pubs/catalog/oip/oip137.html. 2. Ristvet.L., (2005) Settlement, Economy and Society in the Tell Leilan Region, Syria, 3000-1000 BC, PhD Thesis, King's College University of Cambridge, Faculty of Oriental Studies"
Tell Abu Khahraf / al Andalus,109,393.394989,4000,3100,5,41.61397262,36.62343209,"1. http://leilan.yale.edu/works/regional_survey/ 2.Tell Hamoukar, Volume 1. Urbanism and Cultural Landscapes in Northeastern Syria: The Tell Hamoukar Survey, 1999-2001. Jason A. Ur. Oriental Institute Publications. http://oi.uchicago.edu/research/pubs/catalog/oip/oip137.html. 2. Ristvet.L., (2005) Settlement, Economy and Society in the Tell Leilan Region, Syria, 3000-1000 BC, PhD Thesis, King's College University of Cambridge, Faculty of Oriental Studies"
Tell Abu Shaikat,98,267.2919922,2650,2300,28,39.74319443,36.64482978,"Kouchoukos. N., (1998) Landscape and Social Change in Late Prehistoric Mesopotamia, phd thesis, Yale University"
Tell Abu-Maria,200,379.9660034,2000,1450,16,42.59563322,36.42857891,"Lloyd. S., (1938) Some Ancient Sites in the Sinjar District, Iraq 5, pp.123 - 142"
Tell Abu-Maria,200,379.9660034,3500,2450,16,42.59563322,36.42857891,"Lloyd. S., (1938) Some Ancient Sites in the Sinjar District, Iraq 5, pp.123 - 142"
Tell Afis,48,366.572998,1500,1000,1,36.79872232,35.90422931,"1. Giannessi, D. (1998). Architecture and statigraphy. In S. M. Cecchini, & S. Mazzoni (Eds.), Tell Afis (Siria) Scavi sull'acropoli 1988 - 1992. The 1988 - 1992 excavations on the acropolis (pp. 101 - 122). Pisa: Edizioni Ets. 2. Ascalone. E., D'Amdrea. M., (2013) Assembling the Evidence. Excavated Sites Dating from the Early Bronze Age in and Around the Chora of Ebla. In Ebla and its Landscape: Early State Formation in the Ancient Near East ed Matthiae. P., Marchetti. N. pp 215 - 238 Walnut Creek, Left Coast Press Inc."
Tell Afis,48,366.572998,1850,1500,24,36.79872232,35.90422931,"1. Giannessi, D. (1998). Architecture and statigraphy. In S. M. Cecchini, & S. Mazzoni (Eds.), Tell Afis (Siria) Scavi sull'acropoli 1988 - 1992. The 1988 - 1992 excavations on the acropolis (pp. 101 - 122). Pisa: Edizioni Ets. 2. Ascalone. E., D'Amdrea. M., (2013) Assembling the Evidence. Excavated Sites Dating from the Early Bronze Age in and Around the Chora of Ebla. In Ebla and its Landscape: Early State Formation in the Ancient Near East ed Matthiae. P., Marchetti. N. pp 215 - 238 Walnut Creek, Left Coast Press Inc."
Tell Afis,48,366.572998,4000,1850,1,36.79872232,35.90422931,"1. Giannessi, D. (1998). Architecture and statigraphy. In S. M. Cecchini, & S. Mazzoni (Eds.), Tell Afis (Siria) Scavi sull'acropoli 1988 - 1992. The 1988 - 1992 excavations on the acropolis (pp. 101 - 122). Pisa: Edizioni Ets. 2. Ascalone. E., D'Amdrea. M., (2013) Assembling the Evidence. Excavated Sites Dating from the Early Bronze Age in and Around the Chora of Ebla. In Ebla and its Landscape: Early State Formation in the Ancient Near East ed Matthiae. P., Marchetti. N. pp 215 - 238 Walnut Creek, Left Coast Press Inc."
Tell Ahmed,52,507.0690002,1100,1000,16.4,36.44303619,35.27438244,"Fortin. M., Cooper. E., (2014) Nouvelle prospection archeologique dans la moyenne vallee de l'Oronte: entre Cheyzar et Tell Qarqur. In New Prospecting in the Orontes Region, First Results of Archaeological Fieldwork. Eds. Bartl. K. al-Maqdissi. M. Rahden/Westf, Orient-Archaologie, pp 61 - 78. "
Tell Ahmed,52,507.0690002,3000,1600,16.4,36.44303619,35.27438244,"Fortin. M., Cooper. E., (2014) Nouvelle prospection archeologique dans la moyenne vallee de l'Oronte: entre Cheyzar et Tell Qarqur. In New Prospecting in the Orontes Region, First Results of Archaeological Fieldwork. Eds. Bartl. K. al-Maqdissi. M. Rahden/Westf, Orient-Archaologie, pp 61 - 78. "
Tell Aid,127,431.7269897,1600,1000,5,41.33461789,36.94805473,"1. Ristvet.L., (2005) Settlement, Economy and Society in the Tell Leilan Region, Syria, 3000-1000 BC, PhD Thesis, King's College University of Cambridge, Faculty of Oriental Studies.  2.http://leilan.yale.edu/works/regional_survey/"
Tell Aid,127,431.7269897,1900,1600,20,41.33461789,36.94805473,"1. Ristvet.L., (2005) Settlement, Economy and Society in the Tell Leilan Region, Syria, 3000-1000 BC, PhD Thesis, King's College University of Cambridge, Faculty of Oriental Studies.  2.http://leilan.yale.edu/works/regional_survey/"
Tell Aid,127,431.7269897,2200,1900,10,41.33461789,36.94805473,"1. Ristvet.L., (2005) Settlement, Economy and Society in the Tell Leilan Region, Syria, 3000-1000 BC, PhD Thesis, King's College University of Cambridge, Faculty of Oriental Studies.  2.http://leilan.yale.edu/works/regional_survey/"
Tell Aid,127,431.7269897,2400,2200,20,41.33461789,36.94805473,"1. Ristvet.L., (2005) Settlement, Economy and Society in the Tell Leilan Region, Syria, 3000-1000 BC, PhD Thesis, King's College University of Cambridge, Faculty of Oriental Studies.  2.http://leilan.yale.edu/works/regional_survey/"
Tell Aid,127,431.7269897,2900,2400,10,41.33461789,36.94805473,"1. Ristvet.L., (2005) Settlement, Economy and Society in the Tell Leilan Region, Syria, 3000-1000 BC, PhD Thesis, King's College University of Cambridge, Faculty of Oriental Studies.  2.http://leilan.yale.edu/works/regional_survey/"
Tell al Rawda,43,158.4579926,2500,2150,19,37.63294301,35.18140333,"Castel, C., & Peltenburg, E. (2007). Urbanism on the margins: third millennium BC Al-Rawda in the arid zone of Syria. Antiquity 81, 1 - 16."
Tell al-Hawa,17,469.8670044,1400,1000,16,42.30243207,36.74706215,"Lawrence, D., Bradbury, J., & Dunford, R. (2012). Chronology, Uncertainty and GIS: A Methodology for Characterising and Understanding Landscapes of the Ancient Near East. Journal for Ancient Studies (Special Volume 3), 353–359.. 2. Ball, W., et al. (1989). ""The Tell al-Hawa Project: Archaeological Investigations in the North Jazira 1986 - 87."" Iraq 51: 1 - 66."
Tell al-Hawa,17,469.8670044,2500,1400,60,42.30243207,36.74706215,"Lawrence, D., Bradbury, J., & Dunford, R. (2012). Chronology, Uncertainty and GIS: A Methodology for Characterising and Understanding Landscapes of the Ancient Near East. Journal for Ancient Studies (Special Volume 3), 353–359.. 2. Ball, W., et al. (1989). ""The Tell al-Hawa Project: Archaeological Investigations in the North Jazira 1986 - 87."" Iraq 51: 1 - 66."
Tell al-Hawa,17,469.8670044,3000,2500,42,42.30243207,36.74706215,"Lawrence, D., Bradbury, J., & Dunford, R. (2012). Chronology, Uncertainty and GIS: A Methodology for Characterising and Understanding Landscapes of the Ancient Near East. Journal for Ancient Studies (Special Volume 3), 353–359.. 2. Ball, W., et al. (1989). ""The Tell al-Hawa Project: Archaeological Investigations in the North Jazira 1986 - 87."" Iraq 51: 1 - 66."
Tell al-Hawa,17,469.8670044,4000,3000,33,42.30243207,36.74706215,"Lawrence, D., Bradbury, J., & Dunford, R. (2012). Chronology, Uncertainty and GIS: A Methodology for Characterising and Understanding Landscapes of the Ancient Near East. Journal for Ancient Studies (Special Volume 3), 353–359.. 2. Ball, W., et al. (1989). ""The Tell al-Hawa Project: Archaeological Investigations in the North Jazira 1986 - 87."" Iraq 51: 1 - 66."
Tell al-Maghr,89,251.6840057,3000,2000,10,40.24504983,36.47788403,"Kouchoukos. N., (1998) Landscape and Social Change in Late Prehistoric Mesopotamia, phd thesis, Yale University"
Tell al-Sabkha,207,244.2369995,3500,1250,19.2,37.06885058,35.09253411,"PalaeoSyr Database (unbpublished but accessible to authors, see http://www.cepam.cnrs.fr/spip.php?rubrique175&lang=fr) "
Tell al-Samir,148,459.4809875,2500,1500,19,42.16688923,36.75211177,"Wilkinson. T. J., Tucker. D. J., (1995) Settlement and Development in the North Jazira, Iraq: A study of the Archaeological Landscape, British Schhol of Archaeology in Iraq Department of Antiquities and Heritage, Baghdad."
Tell al-Samir,148,459.4809875,3100,2500,10,42.16688923,36.75211177,"Wilkinson. T. J., Tucker. D. J., (1995) Settlement and Development in the North Jazira, Iraq: A study of the Archaeological Landscape, British Schhol of Archaeology in Iraq Department of Antiquities and Heritage, Baghdad."
Tell Amouda ,102,382.2550049,1350,1000,10,40.93144906,37.13399925,"1. Anastasio. S., Lebeau. M., Sauvage. M., (2004) Atlas of Preclassical Upper Mesopotamia: Subartu XIII, Brepolis, Turnhout 2.Tell Hamoukar, Volume 1. Urbanism and Cultural Landscapes in Northeastern Syria: The Tell Hamoukar Survey, 1999-2001. Jason A. Ur. Oriental Institute Publications. http://oi.uchicago.edu/research/pubs/catalog/oip/oip137.html"
Tell ar-Rimah,163,329.5830078,2000,1000,33,42.45025795,36.25753061,"1. Postgate. C., Oates. D., Oates. J., (1997) Iraq Archaeological Reports 4, The Excavations at Tell Al-Rimah: The Pottery, Warminster, British School of Archaeology in Iraq 2.Anastasio. S., Lebeau. M., Sauvage. M., (2004) Atlas of Preclassical Upper Mesopotamia: Subartu XIII, Brepolis, Turnhout"
Tell Arbid,133,371.0549927,2000,1500,1,41.01980905,36.87338234,"1.Soltysiak, A (2010) Short Fieldwork Reports: Tell Arbid (Syria), seasons 1996 - 2010, Bioarchaeology of the Near East, vol. 4 2. Reiche. A., (2006) Polish Archaeological Research in North-Eastern Syria, biuletyn reiche 128 https://www.academia.edu/3078556/Polish_Archaeological_Research_in_North-Eastern_Syria"
Tell Arbid,133,371.0549927,2050,2000,5,41.01980905,36.87338234,"1.Soltysiak, A (2010) Short Fieldwork Reports: Tell Arbid (Syria), seasons 1996 - 2010, Bioarchaeology of the Near East, vol. 4 2. Reiche. A., (2006) Polish Archaeological Research in North-Eastern Syria, biuletyn reiche 128 https://www.academia.edu/3078556/Polish_Archaeological_Research_in_North-Eastern_Syria"
Tell Arbid,133,371.0549927,2100,2050,12,41.01980905,36.87338234,"1.Soltysiak, A (2010) Short Fieldwork Reports: Tell Arbid (Syria), seasons 1996 - 2010, Bioarchaeology of the Near East, vol. 4 2. Reiche. A., (2006) Polish Archaeological Research in North-Eastern Syria, biuletyn reiche 128 https://www.academia.edu/3078556/Polish_Archaeological_Research_in_North-Eastern_Syria"
Tell Arbid,133,371.0549927,2150,2100,27,41.01980905,36.87338234,"1.Soltysiak, A (2010) Short Fieldwork Reports: Tell Arbid (Syria), seasons 1996 - 2010, Bioarchaeology of the Near East, vol. 4 2. Reiche. A., (2006) Polish Archaeological Research in North-Eastern Syria, biuletyn reiche 128 https://www.academia.edu/3078556/Polish_Archaeological_Research_in_North-Eastern_Syria"
Tell Arbid,133,371.0549927,2900,2150,50,41.01980905,36.87338234,"1.Soltysiak, A (2010) Short Fieldwork Reports: Tell Arbid (Syria), seasons 1996 - 2010, Bioarchaeology of the Near East, vol. 4 2. Reiche. A., (2006) Polish Archaeological Research in North-Eastern Syria, biuletyn reiche 128 https://www.academia.edu/3078556/Polish_Archaeological_Research_in_North-Eastern_Syria"
Tell As ,74,476.5299988,3000,1000,10.3,36.56293994,35.46893107,"Fortin, M., Geyer, B. & Dbyat, M., 2005. Observations preliminaires sur les schemes d'establissement dans la vallee du Ghab (Syrie) durant les ages Bronze et du Fer. In Berger, J.F. Temps et espaces de l'homme en societe, analyses et modeles spatiaux en archaeologique XXV recontres internationales d'archaeologie et d'histoire. Antibes: Editions APDCA. pp.317 - 325."
Tell as-Sus,208,299.0570068,2400,1000,12.4,36.86497105,34.97833682,"Bartl. K., al-Maqdissi. M. (2014) Archaeological Prospecting on the Middle Orontes River: Survey work between ar-Rastan and Qal'at Sayzar. In New Prospecting in the Orontes Region, First Results of Archaeological Fieldwork. Eds. Bartl. K. al-Maqdissi. M. Rahden/Westf, Orient-Archaologie, pp 61 - 78. "
Tell Atchana,49,524.5360107,1200,1000,1,36.38388609,36.23772808,"1. Yener. K. A., (2010)  Tell Atchana, Ancient Alalakh Volume 1, The 2003-2004 Excavation Seasons, Istanbul, Koç Üniversitesi Yayınları 2. http://www.alalakh.org/report_main.asp (excavation reports)"
Tell Atchana,49,524.5360107,1900,1200,20,36.38388609,36.23772808,"1. Yener. K. A., (2010)  Tell Atchana, Ancient Alalakh Volume 1, The 2003-2004 Excavation Seasons, Istanbul, Koç Üniversitesi Yayınları 2. http://www.alalakh.org/report_main.asp (excavation reports)"
Tell Atchana,49,524.5360107,4000,1900,1,36.38388609,36.23772808,"1. Yener. K. A., (2010)  Tell Atchana, Ancient Alalakh Volume 1, The 2003-2004 Excavation Seasons, Istanbul, Koç Üniversitesi Yayınları 2. http://www.alalakh.org/report_main.asp (excavation reports)"
Tell Barabra East,95,287.8930054,4000,1000,25.6,38.91742525,36.55876746,"Corona Spy Photography Mission 1038, acquired 22/01/1967"
Tell Barri,142,350.4179993,1400,1000,18.5,41.12646193,36.73817996,"1. Anastasio. S., Lebeau. M., Sauvage. M., (2004) Atlas of Preclassical Upper Mesopotamia: Subartu XIII, Brepolis, Turnhout 2. http://www.microsofttranslator.com/bv.aspx?from=&to=en&a=http%3A%2F%2Fwww.tellbarri.com%2F%3Fpage_id%3D8"
Tell Barri,142,350.4179993,1600,1400,37,41.12646193,36.73817996,"1. Anastasio. S., Lebeau. M., Sauvage. M., (2004) Atlas of Preclassical Upper Mesopotamia: Subartu XIII, Brepolis, Turnhout 2. http://www.microsofttranslator.com/bv.aspx?from=&to=en&a=http%3A%2F%2Fwww.tellbarri.com%2F%3Fpage_id%3D8"
Tell Barri,142,350.4179993,1950,1650,9.25,41.12646193,36.73817996,"1. Anastasio. S., Lebeau. M., Sauvage. M., (2004) Atlas of Preclassical Upper Mesopotamia: Subartu XIII, Brepolis, Turnhout 2. http://www.microsofttranslator.com/bv.aspx?from=&to=en&a=http%3A%2F%2Fwww.tellbarri.com%2F%3Fpage_id%3D8"
Tell Barri,142,350.4179993,2900,1950,7,41.12646193,36.73817996,"1. Anastasio. S., Lebeau. M., Sauvage. M., (2004) Atlas of Preclassical Upper Mesopotamia: Subartu XIII, Brepolis, Turnhout 2. http://www.microsofttranslator.com/bv.aspx?from=&to=en&a=http%3A%2F%2Fwww.tellbarri.com%2F%3Fpage_id%3D8"
Tell Barri,142,350.4179993,4000,2900,1,41.12646193,36.73817996,"1. Anastasio. S., Lebeau. M., Sauvage. M., (2004) Atlas of Preclassical Upper Mesopotamia: Subartu XIII, Brepolis, Turnhout 2. http://www.microsofttranslator.com/bv.aspx?from=&to=en&a=http%3A%2F%2Fwww.tellbarri.com%2F%3Fpage_id%3D8"
Tell Berne,211,322.4119873,4000,2000,15,37.00654134,36.03088637,"Matthers. J., (1981) The River Qouieq, Northern Syria and its Catchment: Studies Arising from Tell Rifa'at Survey 1977 - 79, BAR International Series 98"
Tell Beydar,18,286.3190002,1600,1200,45,40.58694085,36.73782061,"1. Lawrence, D., Bradbury, J., & Dunford, R. (2012). Chronology, Uncertainty and GIS: A Methodology for Characterising and Understanding Landscapes of the Ancient Near East. Journal for Ancient Studies (Special Volume 3), 353–359. 2.Ur, J. A., & Wilkinson, T. J. (n.d.). Settlement and Economic Landscapes of Tell Beydar and its Hinterland. Subartu XXI, 305 - 328"
Tell Beydar,18,286.3190002,2900,2400,24,40.58694085,36.73782061,"1. Lawrence, D., Bradbury, J., & Dunford, R. (2012). Chronology, Uncertainty and GIS: A Methodology for Characterising and Understanding Landscapes of the Ancient Near East. Journal for Ancient Studies (Special Volume 3), 353–359. 2.Ur, J. A., & Wilkinson, T. J. (n.d.). Settlement and Economic Landscapes of Tell Beydar and its Hinterland. Subartu XXI, 305 - 328"
Tell Bi'a,35,189.0420074,1900,1350,36,39.04754549,35.95814775,"Wilkinson. T. J., Galiatsatos. N., Lawrence. D., Ricci. A., Dunford. R., Philip. G., (2012) Late Chalcolithic and Early Bronze Age Landscapes of Settlement and Mobility in the Middle Euphrates: A Reassessment, Levant 44(2), 139 - 185"
Tell Bi'a,35,189.0420074,3150,2050,36,39.04754549,35.95814775,"Wilkinson. T. J., Galiatsatos. N., Lawrence. D., Ricci. A., Dunford. R., Philip. G., (2012) Late Chalcolithic and Early Bronze Age Landscapes of Settlement and Mobility in the Middle Euphrates: A Reassessment, Levant 44(2), 139 - 185"
Tell Bogha Saghir,91,270.3110046,3000,2000,18,39.87106843,36.70088396,"Kouchoukos. N., (1998) Landscape and Social Change in Late Prehistoric Mesopotamia, phd thesis, Yale University"
Tell Brak,19,333.473999,1500,1250,45,41.05779599,36.66741119,"1. Ur, J., Karsgaard, P., & Oates, J. (2011). The Spatial Dimensions of Early Mesopotamian Urbanism: The Tell Brak Suburban Survey, 2003-2006. Iraq 73, 1 - 19  2.Ur. J. A., Karsgaard. P., Oates. J. (2007) Early Urban Development in the Near East, Science 317, p1188 3. http://www.tellbrak.mcdonald.cam.ac.uk/earlyjezireh.html"
Tell Brak,19,333.473999,1850,1500,10,41.05779599,36.66741119,"1. Ur, J., Karsgaard, P., & Oates, J. (2011). The Spatial Dimensions of Early Mesopotamian Urbanism: The Tell Brak Suburban Survey, 2003-2006. Iraq 73, 1 - 19  2.Ur. J. A., Karsgaard. P., Oates. J. (2007) Early Urban Development in the Near East, Science 317, p1188 3. http://www.tellbrak.mcdonald.cam.ac.uk/earlyjezireh.html"
Tell Brak,19,333.473999,2600,1850,70,41.05779599,36.66741119,"1. Ur, J., Karsgaard, P., & Oates, J. (2011). The Spatial Dimensions of Early Mesopotamian Urbanism: The Tell Brak Suburban Survey, 2003-2006. Iraq 73, 1 - 19  2.Ur. J. A., Karsgaard. P., Oates. J. (2007) Early Urban Development in the Near East, Science 317, p1188 3. http://www.tellbrak.mcdonald.cam.ac.uk/earlyjezireh.html"
Tell Brak,19,333.473999,3000,2600,45,41.05779599,36.66741119,"1. Ur, J., Karsgaard, P., & Oates, J. (2011). The Spatial Dimensions of Early Mesopotamian Urbanism: The Tell Brak Suburban Survey, 2003-2006. Iraq 73, 1 - 19  2.Ur. J. A., Karsgaard. P., Oates. J. (2007) Early Urban Development in the Near East, Science 317, p1188 3. http://www.tellbrak.mcdonald.cam.ac.uk/earlyjezireh.html"
Tell Brak,19,333.473999,3200,3000,33,41.05779599,36.66741119,"1. Ur, J., Karsgaard, P., & Oates, J. (2011). The Spatial Dimensions of Early Mesopotamian Urbanism: The Tell Brak Suburban Survey, 2003-2006. Iraq 73, 1 - 19  2.Ur. J. A., Karsgaard. P., Oates. J. (2007) Early Urban Development in the Near East, Science 317, p1188 3. http://www.tellbrak.mcdonald.cam.ac.uk/earlyjezireh.html"
Tell Brak,19,333.473999,3900,3200,130,41.05779599,36.66741119,"1. Ur, J., Karsgaard, P., & Oates, J. (2011). The Spatial Dimensions of Early Mesopotamian Urbanism: The Tell Brak Suburban Survey, 2003-2006. Iraq 73, 1 - 19  2.Ur. J. A., Karsgaard. P., Oates. J. (2007) Early Urban Development in the Near East, Science 317, p1188 3. http://www.tellbrak.mcdonald.cam.ac.uk/earlyjezireh.html"
Tell Brak,19,333.473999,4000,3900,55,41.05779599,36.66741119,"1. Ur, J., Karsgaard, P., & Oates, J. (2011). The Spatial Dimensions of Early Mesopotamian Urbanism: The Tell Brak Suburban Survey, 2003-2006. Iraq 73, 1 - 19  2.Ur. J. A., Karsgaard. P., Oates. J. (2007) Early Urban Development in the Near East, Science 317, p1188 3. http://www.tellbrak.mcdonald.cam.ac.uk/earlyjezireh.html"
Tell Cholma Foqani,104,330.4289856,1750,1200,22,40.74170635,36.88138652,"1. Al Khabour, A. (2015). El conflicto armado en Siria y su repercusi—n sobre elPatrimonio Cultural: Vol. III: Inventario del Patrimonio Cultural afectado en la provinciade Hasakeh (marzo 2011-marzo 2015). Published on UNESCO: The Observatory of Syrian Cultural Heritage. https://en.unesco.org/syrian-observatory/sites/syrian-observatory/files/reports/ANAS_VOL_III.pdf"
Tell Cholma Foqani,104,330.4289856,3500,2200,22,40.74170635,36.88138652,"1. Al Khabour, A. (2015). El conflicto armado en Siria y su repercusi—n sobre elPatrimonio Cultural: Vol. III: Inventario del Patrimonio Cultural afectado en la provinciade Hasakeh (marzo 2011-marzo 2015). Published on UNESCO: The Observatory of Syrian Cultural Heritage. https://en.unesco.org/syrian-observatory/sites/syrian-observatory/files/reports/ANAS_VOL_III.pdf"
Tell Chuera,24,268.7369995,2300,2150,5,39.49781837,36.64680012,http://www.orientarch.uni-halle.de/digs/chuera/chuinfo.htm
Tell Chuera,24,268.7369995,2600,2300,90,39.49781837,36.64680012,http://www.orientarch.uni-halle.de/digs/chuera/chuinfo.htm
Tell Chuera,24,268.7369995,2800,2600,5,39.49781837,36.64680012,http://www.orientarch.uni-halle.de/digs/chuera/chuinfo.htm
Tell Chuera,24,268.7369995,4000,3600,1,39.49781837,36.64680012,http://www.orientarch.uni-halle.de/digs/chuera/chuinfo.htm
Tell Dades,245,505.7520142,2000,1200,15,36.4136575,35.20856551,"Fortin. M., Cooper. E., (2014) Nouvelle prospection archeologique dans la moyenne vallee de l'Oronte: entre Cheyzar et Tell Qarqur. In New Prospecting in the Orontes Region, First Results of Archaeological Fieldwork. Eds. Bartl. K. al-Maqdissi. M. Rahden/Westf, Orient-Archaologie, pp 61 - 78. "
Tell Dakhliz,227,263.3580017,3000,2000,50.39753,39.44426738,36.5723584,"Corona Spy Photography Mission 1038, acquired 22/01/1967"
Tell el-Agar,55,202.3549957,1200,1000,11,37.21882579,35.22309657,"PalaeoSyr Database (unbpublished but accessible to authors, see http://www.cepam.cnrs.fr/spip.php?rubrique175&lang=fr) "
Tell el-Agar,55,202.3549957,2500,1600,11,37.21882579,35.22309657,"PalaeoSyr Database (unbpublished but accessible to authors, see http://www.cepam.cnrs.fr/spip.php?rubrique175&lang=fr) "
Tell el-Banat / Bazi Complex,32,307.7120056,2450,1200,40,38.27921761,36.4329187,"Cooper. L., (2006) Early Urbanism on the Syrian Euphrates, Routledge"
Tell el-Banat / Bazi Complex,32,307.7120056,2600,2450,30,38.27921761,36.4329187,"Cooper. L., (2006) Early Urbanism on the Syrian Euphrates, Routledge"
Tell es Stfine / Nebi Noah,79,460.5910034,1200,1000,45.3,36.54416658,34.57726685,Settlement in the Homs Region Survey (unpublished survey data) 
Tell es Stfine / Nebi Noah,79,460.5910034,1400,1200,22.6,36.54416658,34.57726685,Settlement in the Homs Region Survey (unpublished survey data) 
Tell es Stfine / Nebi Noah,79,460.5910034,2500,1400,45.3,36.54416658,34.57726685,Settlement in the Homs Region Survey (unpublished survey data) 
Tell es Stfine / Nebi Noah,79,460.5910034,3500,2500,22.6,36.54416658,34.57726685,Settlement in the Homs Region Survey (unpublished survey data) 
Tell es-Seman (Tell as-Saman),34,217.8470001,2500,1600,15,38.98561933,36.21181946,"1. Wilkinson. T. J., Galiatsatos. N., Lawrence. D., Ricci. A., Dunford. R., Philip. G., (2012) Late Chalcolithic and Early Bronze Age Landscapes of Settlement and Mobility in the Middle Euphrates: A Reassessment, Levant 44(2), 139 - 185. 2. Curvers. H. H., (1991) Bronze Age Society in the Balikh Drainage (Syria), phd Thesis, Universitait van Amsterdam"
Tell es-Sour,40,232.6029968,1800,1550,35,37.16276369,34.81537253,"1. LAWRENCE, DAN (2012) Early Urbanism in the Northern Fertile Crescent: A Comparison of Regional Settlement Trajectories and Millennial Landscape Change, Durham theses, Durham University. Available at Durham E-Theses Online: http://etheses.dur.ac.uk/5921/ 2. al-Maqdissi, M. (2007). Notes d'archéologie levantine X. Introduction aux travaux archéologiques syriens à Mishrifeh/Qatna au nord-est de Homs (Émèse). Urban and Natural Landscapes of an Ancient Syrian Capital, Settlement and Environment at Tell Mishrifeh/Qatna and in Central-Western Syria. in Morandi Bonacossi, D. (ed). Udine, Universita degli studi di Udine/Direction Generale des Antiquites et des Musee de Syrie: 19-27."
Tell es-Sour,40,232.6029968,2400,1800,16,37.16276369,34.81537253,"1. LAWRENCE, DAN (2012) Early Urbanism in the Northern Fertile Crescent: A Comparison of Regional Settlement Trajectories and Millennial Landscape Change, Durham theses, Durham University. Available at Durham E-Theses Online: http://etheses.dur.ac.uk/5921/ 2. al-Maqdissi, M. (2007). Notes d'archéologie levantine X. Introduction aux travaux archéologiques syriens à Mishrifeh/Qatna au nord-est de Homs (Émèse). Urban and Natural Landscapes of an Ancient Syrian Capital, Settlement and Environment at Tell Mishrifeh/Qatna and in Central-Western Syria. in Morandi Bonacossi, D. (ed). Udine, Universita degli studi di Udine/Direction Generale des Antiquites et des Musee de Syrie: 19-27."
Tell es-Sweyhat,7,256.0090027,2250,1900,40,38.25401288,36.27370988,"1. Lawrence, D., Bradbury, J., & Dunford, R. (2012). Chronology, Uncertainty and GIS: A Methodology for Characterising and Understanding Landscapes of the Ancient Near East. Journal for Ancient Studies (Special Volume 3), 353–359. 2. Holland. T. (n.d.) Excavations at Tell es-Sweyhat, Syria, Volume 2, Part 1: Test. Archaeology of the Bronze Age, Hellenistic and Roman Remains at an Ancient Town on the EUphrates River, Oriental Institute Publications volume 125 https://oi.uchicago.edu/pdf/oip125.pdf"
Tell es-Sweyhat,7,256.0090027,2350,2250,36,38.25401288,36.27370988,"1. Lawrence, D., Bradbury, J., & Dunford, R. (2012). Chronology, Uncertainty and GIS: A Methodology for Characterising and Understanding Landscapes of the Ancient Near East. Journal for Ancient Studies (Special Volume 3), 353–359. 2. Holland. T. (n.d.) Excavations at Tell es-Sweyhat, Syria, Volume 2, Part 1: Test. Archaeology of the Bronze Age, Hellenistic and Roman Remains at an Ancient Town on the EUphrates River, Oriental Institute Publications volume 125 https://oi.uchicago.edu/pdf/oip125.pdf"
Tell es-Sweyhat,7,256.0090027,2700,2350,15,38.25401288,36.27370988,"1. Lawrence, D., Bradbury, J., & Dunford, R. (2012). Chronology, Uncertainty and GIS: A Methodology for Characterising and Understanding Landscapes of the Ancient Near East. Journal for Ancient Studies (Special Volume 3), 353–359. 2. Holland. T. (n.d.) Excavations at Tell es-Sweyhat, Syria, Volume 2, Part 1: Test. Archaeology of the Bronze Age, Hellenistic and Roman Remains at an Ancient Town on the EUphrates River, Oriental Institute Publications volume 125 https://oi.uchicago.edu/pdf/oip125.pdf"
Tell es-Sweyhat,7,256.0090027,3100,2700,6,38.25401288,36.27370988,"1. Lawrence, D., Bradbury, J., & Dunford, R. (2012). Chronology, Uncertainty and GIS: A Methodology for Characterising and Understanding Landscapes of the Ancient Near East. Journal for Ancient Studies (Special Volume 3), 353–359. 2. Holland. T. (n.d.) Excavations at Tell es-Sweyhat, Syria, Volume 2, Part 1: Test. Archaeology of the Bronze Age, Hellenistic and Roman Remains at an Ancient Town on the EUphrates River, Oriental Institute Publications volume 125 https://oi.uchicago.edu/pdf/oip125.pdf"
Tell es-Sweyhat,7,256.0090027,3150,3100,5,38.25401288,36.27370988,"1. Lawrence, D., Bradbury, J., & Dunford, R. (2012). Chronology, Uncertainty and GIS: A Methodology for Characterising and Understanding Landscapes of the Ancient Near East. Journal for Ancient Studies (Special Volume 3), 353–359. 2. Holland. T. (n.d.) Excavations at Tell es-Sweyhat, Syria, Volume 2, Part 1: Test. Archaeology of the Bronze Age, Hellenistic and Roman Remains at an Ancient Town on the EUphrates River, Oriental Institute Publications volume 125 https://oi.uchicago.edu/pdf/oip125.pdf"
Tell et Tell,75,573.5869751,3000,1600,17.5,36.33026061,35.81782013,"Graff. S., (2006) Economy and Society: an Archaeological Reconstruction of the Political and Informal Ecoomy of Northwestern Syria in the Third Millennium BC, volume 1, Phd Thesis, The University of Chicago"
Tell Farfara,106,395.7430115,1300,1000,167,41.33121468,36.82476536,"1. Ristvet.L., (2005) Settlement, Economy and Society in the Tell Leilan Region, Syria, 3000-1000 BC, PhD Thesis, King's College University of Cambridge, Faculty of Oriental Studies.  2.http://leilan.yale.edu/works/regional_survey/"
Tell Farfara,106,395.7430115,1500,1300,150,41.33121468,36.82476536,"1. Ristvet.L., (2005) Settlement, Economy and Society in the Tell Leilan Region, Syria, 3000-1000 BC, PhD Thesis, King's College University of Cambridge, Faculty of Oriental Studies.  2.http://leilan.yale.edu/works/regional_survey/"
Tell Farfara,106,395.7430115,1950,1500,90,41.33121468,36.82476536,"1. Ristvet.L., (2005) Settlement, Economy and Society in the Tell Leilan Region, Syria, 3000-1000 BC, PhD Thesis, King's College University of Cambridge, Faculty of Oriental Studies.  2.http://leilan.yale.edu/works/regional_survey/"
Tell Farfara,106,395.7430115,2200,1950,10,41.33121468,36.82476536,"1. Ristvet.L., (2005) Settlement, Economy and Society in the Tell Leilan Region, Syria, 3000-1000 BC, PhD Thesis, King's College University of Cambridge, Faculty of Oriental Studies.  2.http://leilan.yale.edu/works/regional_survey/"
Tell Farfara,106,395.7430115,2300,2200,80,41.33121468,36.82476536,"1. Ristvet.L., (2005) Settlement, Economy and Society in the Tell Leilan Region, Syria, 3000-1000 BC, PhD Thesis, King's College University of Cambridge, Faculty of Oriental Studies.  2.http://leilan.yale.edu/works/regional_survey/"
Tell Farfara,106,395.7430115,2400,2300,40,41.33121468,36.82476536,"1. Ristvet.L., (2005) Settlement, Economy and Society in the Tell Leilan Region, Syria, 3000-1000 BC, PhD Thesis, King's College University of Cambridge, Faculty of Oriental Studies.  2.http://leilan.yale.edu/works/regional_survey/"
Tell Farfara,106,395.7430115,2600,2400,10,41.33121468,36.82476536,"1. Ristvet.L., (2005) Settlement, Economy and Society in the Tell Leilan Region, Syria, 3000-1000 BC, PhD Thesis, King's College University of Cambridge, Faculty of Oriental Studies.  2.http://leilan.yale.edu/works/regional_survey/"
Tell Farfara,106,395.7430115,2850,2600,5,41.33121468,36.82476536,"1. Ristvet.L., (2005) Settlement, Economy and Society in the Tell Leilan Region, Syria, 3000-1000 BC, PhD Thesis, King's College University of Cambridge, Faculty of Oriental Studies.  2.http://leilan.yale.edu/works/regional_survey/"
Tell Fekheriye,213,287.2739868,1400,1000,14.9,40.06725969,36.84471063,"Bonatz. D., Bartl. P. (2007) Preliminary Report on the Excavations at Tell Fekheriye in 2006 and 2007. Chronique Archeologique en Syrie vol 3, pp175 - 187"
Tell Fekheriye,213,287.2739868,1500,1400,5,40.06725969,36.84471063,"Bonatz. D., Bartl. P. (2007) Preliminary Report on the Excavations at Tell Fekheriye in 2006 and 2007. Chronique Archeologique en Syrie vol 3, pp175 - 187"
Tell Ghajar al-Kabir,99,274.8450012,3500,1000,20.3,39.40495985,36.65627499,"Corona Spy Photography Mission 1038, acquired 22/01/1967"
Tell Glai'a,218,270.6610107,3000,2000,16,39.66926849,36.67556675,"Kouchoukos. N., (1998) Landscape and Social Change in Late Prehistoric Mesopotamia, phd thesis, Yale University"
Tell Habuba Kabira and Habuba Kabira South,204,250.1450043,3200,2000,18,38.06363632,36.15991731,"Anastasio. S., Lebeau. M., Sauvage. M., (2004) Atlas of Preclassical Upper Mesopotamia: Subartu XIII, Brepolis, Turnhout. 2.Reichel, C. D. (2004). Appendix B: Site Gazetteer. On the margin of the Euphrates : settlement and land use at Tell es-Sweyhat and in the upper Lake Assad area, Syria. in Wilkinson, T. J. (ed). Chicago, Oriental Institute of the University of Chicago: 223-262."
Tell Hadhail,161,305.8880005,2500,1450,90,42.05408777,36.14968355,"1. Oates.D., (1985) Walled Cities in Northern Mesopotamia in the Mari Period, MARI 4, 585-594 2. Lloyd. S., (1938) Some Ancient Sites in the Sinjar District, Iraq 5, pp.123 - 142"
Tell Hadidi,3,254.2660065,1400,1000,1,38.15447712,36.26529728,"Dornemann, R.H., (1985). Salvage Excavations at Tell Hadidi in the Euphrates River Valley. The Biblical Archaeologist. Vol 48(1), 49 - 59"
Tell Hadidi,3,254.2660065,1550,1400,49,38.15447712,36.26529728,"Dornemann, R.H., (1985). Salvage Excavations at Tell Hadidi in the Euphrates River Valley. The Biblical Archaeologist. Vol 48(1), 49 - 59"
Tell Hadidi,3,254.2660065,1900,1550,22,38.15447712,36.26529728,"Dornemann, R.H., (1985). Salvage Excavations at Tell Hadidi in the Euphrates River Valley. The Biblical Archaeologist. Vol 48(1), 49 - 59"
Tell Hadidi,3,254.2660065,2000,1900,12,38.15447712,36.26529728,"Dornemann, R.H., (1985). Salvage Excavations at Tell Hadidi in the Euphrates River Valley. The Biblical Archaeologist. Vol 48(1), 49 - 59"
Tell Hadidi,3,254.2660065,3050,2000,49,38.15447712,36.26529728,"Dornemann, R.H., (1985). Salvage Excavations at Tell Hadidi in the Euphrates River Valley. The Biblical Archaeologist. Vol 48(1), 49 - 59"
Tell Hadidi,3,254.2660065,3600,3050,15.8,38.15447712,36.26529728,"Dornemann, R.H., (1985). Salvage Excavations at Tell Hadidi in the Euphrates River Valley. The Biblical Archaeologist. Vol 48(1), 49 - 59"
Tell Hama,44,337.8980103,1200,1000,10,36.74966004,35.13587647,"1.Thuesen. I. (1988) Hama: fouilles et recherches 1931-1938. Volume 1, the pre- and protohistoric periods, Copenhagen, Nationalmuseet. 2. Bartl. K., al-Maqdissi. M. (2014) Archaeological Prospecting on the Middle Orontes River: Survey work between ar-Rastan and Qal'at Sayzar. In New Prospecting in the Orontes Region, First Results of Archaeological Fieldwork. Eds. Bartl. K. al-Maqdissi. M. Rahden/Westf, Orient-Archaologie, pp 61 - 78. "
Tell Hama,44,337.8980103,4000,1500,10,36.74966004,35.13587647,"1.Thuesen. I. (1988) Hama: fouilles et recherches 1931-1938. Volume 1, the pre- and protohistoric periods, Copenhagen, Nationalmuseet. 2. Bartl. K., al-Maqdissi. M. (2014) Archaeological Prospecting on the Middle Orontes River: Survey work between ar-Rastan and Qal'at Sayzar. In New Prospecting in the Orontes Region, First Results of Archaeological Fieldwork. Eds. Bartl. K. al-Maqdissi. M. Rahden/Westf, Orient-Archaologie, pp 61 - 78. "
Tell Hamam Sharqi,88,256.8989868,2300,2000,11,40.35931581,36.55050066,"Kouchoukos. N., (1998) Landscape and Social Change in Late Prehistoric Mesopotamia, phd thesis, Yale University"
Tell Hammam Gharbi,229,257.8850098,2600,2250,11,40.32607792,36.56740792,"Kouchoukos. N., (1998) Landscape and Social Change in Late Prehistoric Mesopotamia, phd thesis, Yale University"
Tell Hamoukar,20,464.7709961,2250,2000,105,41.95543271,36.81300543,"1. Lawrence, D., Bradbury, J., & Dunford, R. (2012). Chronology, Uncertainty and GIS: A Methodology for Characterising and Understanding Landscapes of the Ancient Near East. Journal for Ancient Studies (Special Volume 3), 353–359. 2.Tell Hamoukar, Volume 1. Urbanism and Cultural Landscapes in Northeastern Syria: The Tell Hamoukar Survey, 1999-2001. Jason A. Ur. Oriental Institute Publications. http://oi.uchicago.edu/research/pubs/catalog/oip/oip137.htm"
Tell Hamoukar,20,464.7709961,2750,2550,105,41.95543271,36.81300543,"1. Lawrence, D., Bradbury, J., & Dunford, R. (2012). Chronology, Uncertainty and GIS: A Methodology for Characterising and Understanding Landscapes of the Ancient Near East. Journal for Ancient Studies (Special Volume 3), 353–359. 2.Tell Hamoukar, Volume 1. Urbanism and Cultural Landscapes in Northeastern Syria: The Tell Hamoukar Survey, 1999-2001. Jason A. Ur. Oriental Institute Publications. http://oi.uchicago.edu/research/pubs/catalog/oip/oip137.htm"
Tell Hamoukar,20,464.7709961,4000,3100,15.31,41.95543271,36.81300543,"1. Lawrence, D., Bradbury, J., & Dunford, R. (2012). Chronology, Uncertainty and GIS: A Methodology for Characterising and Understanding Landscapes of the Ancient Near East. Journal for Ancient Studies (Special Volume 3), 353–359. 2.Tell Hamoukar, Volume 1. Urbanism and Cultural Landscapes in Northeastern Syria: The Tell Hamoukar Survey, 1999-2001. Jason A. Ur. Oriental Institute Publications. http://oi.uchicago.edu/research/pubs/catalog/oip/oip137.htm"
Tell Hariri / Mari,22,120.6910019,2950,1750,57.8,40.88860573,34.551945,"1. Anastasio. S., Lebeau. M., Sauvage. M., (2004) Atlas of Preclassical Upper Mesopotamia: Subartu XIII, Brepolis, Turnhout 2.MARGUERON, J.-C. 2004. Mari : mâetropole de l'Euphrate au IIIe et au dâebut du IIe millâenaire av. J.-C, Paris, Picard/ERC."
Tell Imar,85,529.4530029,4000,2000,13.5,36.47691433,36.28741352,"Lawrence, D (2012) Early Urbanism in the Northern Fertile Crescent: A Comparison of Regional Settlement Trajectories and Millennial Landscape Change, Durham theses, Durham University. Available at Durham E-Theses Online: http://etheses.dur.ac.uk/5921/"
Tell Izhan,70,470.1319885,3500,1600,15.6,36.48723193,35.94176518,Settlement in the Homs Region Survey (unpublished survey data) 
Tell Khansir,222,279.6069946,2450,2000,33,39.83767954,36.754898,"Kouchoukos. N., (1998) Landscape and Social Change in Late Prehistoric Mesopotamia, phd thesis, Yale University"
Tell Khoshi,162,316.7739868,2500,1000,92,41.83333256,36.19397274,"1. Nashref. K. (1990) Archaeology in Iraq, American Journal of Archaeology, 94(2), pp. 259 - 289 2.http://translate.google.co.uk/translate?hl=en&sl=fr&u=http://www.mae.u-paris10.fr/arscan/Irak-Tell-Khoshi-Sinjar.html&prev=/search%3Fq%3DTell%2BKhoshi%26safe%3Doff%26hl%3Den"
Tell Kufaifa,246,310.42099,3000,2000,34.2,38.77001032,36.57658632,"Smith, S. L., (2015) Late Chalcolithic to Early Bronze Age Settlement Patterns in the Greater Western Jazira: Trajectories of Sedentism in the Semi-Arid Steppe, PhD Dissertation, Durham University"
Tell Leilan,23,461.1839905,1900,1700,90,41.50468736,36.9582752,"1. Weiss. H., Akkermans. P., Stein. G. J., Parayre. D., Whiting. R., (1990) 1985 Excavations at Tell Leilan, Syria, American Journal of Archaeology 94(4) pp.529 - 581 2.http://leilan.yale.edu/works/regional_survey/"
Tell Leilan,23,461.1839905,2600,2000,90,41.50468736,36.9582752,"1. Weiss. H., Akkermans. P., Stein. G. J., Parayre. D., Whiting. R., (1990) 1985 Excavations at Tell Leilan, Syria, American Journal of Archaeology 94(4) pp.529 - 581 2.http://leilan.yale.edu/works/regional_survey/"
Tell Leilan,23,461.1839905,3200,2600,15,41.50468736,36.9582752,"1. Weiss. H., Akkermans. P., Stein. G. J., Parayre. D., Whiting. R., (1990) 1985 Excavations at Tell Leilan, Syria, American Journal of Archaeology 94(4) pp.529 - 581 2.http://leilan.yale.edu/works/regional_survey/"
Tell Mabtuh Ghabi,86,252.0850067,3900,2000,27,40.14256085,36.47763793,"Kouchoukos. N., (1998) Landscape and Social Change in Late Prehistoric Mesopotamia, phd thesis, Yale University"
Tell Mabtuh Sharqi,87,251.2660065,3000,2000,44,40.45619144,36.5076771,"Kouchoukos. N., (1998) Landscape and Social Change in Late Prehistoric Mesopotamia, phd thesis, Yale University"
Tell Madjal,138,275.7909851,1550,1000,1,40.61367541,36.53988431,"1. Lyonnet. B.(2000) Prospection Archeologique Haut-Khabur Occidental (Syrie Du N.E.) Volume 1, Institut Francais d'Archeologie du Proche Orient, Beyrouth 2.Tell Hamoukar, Volume 1. Urbanism and Cultural Landscapes in Northeastern Syria: The Tell Hamoukar Survey, 1999-2001. Jason A. Ur. Oriental Institute Publications. http://oi.uchicago.edu/research/pubs/catalog/oip/oip137.html"
Tell Madjal,138,275.7909851,3000,2000,17.7,40.61367541,36.53988431,"1. Lyonnet. B.(2000) Prospection Archeologique Haut-Khabur Occidental (Syrie Du N.E.) Volume 1, Institut Francais d'Archeologie du Proche Orient, Beyrouth 2.Tell Hamoukar, Volume 1. Urbanism and Cultural Landscapes in Northeastern Syria: The Tell Hamoukar Survey, 1999-2001. Jason A. Ur. Oriental Institute Publications. http://oi.uchicago.edu/research/pubs/catalog/oip/oip137.html"
Tell Mahalt ad Daru,220,197.4019928,3000,2000,33,40.34858598,35.93164552,"Kouchoukos. N., (1998) Landscape and Social Change in Late Prehistoric Mesopotamia, phd thesis, Yale University"
Tell Mardikh,47,361.17099,2400,1600,57,36.79872044,35.79821825,"ed. Matthiaw. P., Marchetti. N. (2013) Ebla and its landscape: early state formation in the ancient Near East, Walnut Creek, Left Coast Press Inc "
Tell Marrak,215,296.6719971,2900,1600,18,38.90033358,36.60860995,"1. Smith, S. (2015) Late Chalcolithic to Early Bronze Age Settlement Patterns in the Greater Western Jazira: Trajectories of Settlement in the Semi-Arid Syrian Steppe. Ph.D. Thesis. Durham University."
Tell Matin,217,338.2600098,1200,1000,63,38.67999865,36.62835415,"Smith, S. L., (2015) Late Chalcolithic to Early Bronze Age Settlement Patterns in the Greater Western Jazira: Trajectories of Sedentism in the Semi-Arid Steppe, PhD Dissertation, Durham University"
Tell Matin,217,338.2600098,2900,2000,63,38.67999865,36.62835415,"Smith, S. L., (2015) Late Chalcolithic to Early Bronze Age Settlement Patterns in the Greater Western Jazira: Trajectories of Sedentism in the Semi-Arid Steppe, PhD Dissertation, Durham University"
Tell Mishrife / Qatna,42,313.6919861,2000,1300,122,36.86557997,34.83612384,"1. Morandi Bonacossi.D. Qatna and its Hinterland during the Bronze and Iron Ages. A Preliminary Reconstruction of Urbanism and Settlement in the Mishrifeh Region. [book auth.] D Morandi-Bonacossi. Urban and natural landscapes of an ancient Syrian capital: settlement and environment at Tell Mishrifeh / Qatna and in central western Syria. Udine : Forum, 2007, pp. 65 - 92. "
Tell Mishrife / Qatna,42,313.6919861,2400,2000,25,36.86557997,34.83612384,"1. Morandi Bonacossi.D. Qatna and its Hinterland during the Bronze and Iron Ages. A Preliminary Reconstruction of Urbanism and Settlement in the Mishrifeh Region. [book auth.] D Morandi-Bonacossi. Urban and natural landscapes of an ancient Syrian capital: settlement and environment at Tell Mishrifeh / Qatna and in central western Syria. Udine : Forum, 2007, pp. 65 - 92. "
Tell Mozan,21,405.5369873,1950,1650,16,40.99671341,37.05837894,"1. Deckers, K., & Pustovytov, K. (n.d.). Chapter 6. Geoarchaeology in the Tell Mozan surroundings. 2.PFALZNER, P. 2010. Introduction and Synthesis: Urban Development and Ecology at Tell Mozan. In: DECKERS, K., DOLL, M., PFALZNER, P. & RIEHL, S. (eds.) Development of the environment, subsistence and settlement of the city of Urkes and its region. Wiesbaden: Harrassowitz."
Tell Mozan,21,405.5369873,2600,1950,125,40.99671341,37.05837894,"1. Deckers, K., & Pustovytov, K. (n.d.). Chapter 6. Geoarchaeology in the Tell Mozan surroundings. 2.PFALZNER, P. 2010. Introduction and Synthesis: Urban Development and Ecology at Tell Mozan. In: DECKERS, K., DOLL, M., PFALZNER, P. & RIEHL, S. (eds.) Development of the environment, subsistence and settlement of the city of Urkes and its region. Wiesbaden: Harrassowitz."
Tell Mozan,21,405.5369873,2750,2600,16,40.99671341,37.05837894,"1. Deckers, K., & Pustovytov, K. (n.d.). Chapter 6. Geoarchaeology in the Tell Mozan surroundings. 2.PFALZNER, P. 2010. Introduction and Synthesis: Urban Development and Ecology at Tell Mozan. In: DECKERS, K., DOLL, M., PFALZNER, P. & RIEHL, S. (eds.) Development of the environment, subsistence and settlement of the city of Urkes and its region. Wiesbaden: Harrassowitz."
Tell Mu'azzar,90,248.1119995,3000,2000,11,40.33476258,36.25718189,"Kouchoukos. N., (1998) Landscape and Social Change in Late Prehistoric Mesopotamia, phd thesis, Yale University"
Tell Mumbaqa,4,245.7640076,2500,1200,15.7,38.13012097,36.21899957,"1.Cooper. L., (2006) Early Urbanism on the Syrian Euphrates, Routledge 2.Anastasio. S., Lebeau. M., Sauvage. M., (2004) Atlas of Preclassical Upper Mesopotamia: Subartu XIII, Brepolis, Turnhout"
Tell Mumbaqa,4,245.7640076,3150,2600,15.7,38.13012097,36.21899957,"1.Cooper. L., (2006) Early Urbanism on the Syrian Euphrates, Routledge 2.Anastasio. S., Lebeau. M., Sauvage. M., (2004) Atlas of Preclassical Upper Mesopotamia: Subartu XIII, Brepolis, Turnhout"
Tell Nebi Mend,41,459.75,4000,1000,9,36.51996109,34.55664344,"1. Bradbury, J. (2011) Landscapes of Burial? The Homs Basalt, Syria in the 4th-3rd millennia BC. Ph.D. Thesis. Durham University. 2. Kanjou, Y. and Tsuneki, A. (eds) (2016) A History of Syria in One Hundred Sites. Oxford: Archaeopress."
Tell Qarassa,129,408.9590149,1200,1000,6,41.46094742,36.83097528,"1. Ristvet.L., (2005) Settlement, Economy and Society in the Tell Leilan Region, Syria, 3000-1000 BC, PhD Thesis, King's College University of Cambridge, Faculty of Oriental Studies.  2.http://leilan.yale.edu/works/regional_survey/"
Tell Qarassa,129,408.9590149,3000,1650,6,41.46094742,36.83097528,"1. Ristvet.L., (2005) Settlement, Economy and Society in the Tell Leilan Region, Syria, 3000-1000 BC, PhD Thesis, King's College University of Cambridge, Faculty of Oriental Studies.  2.http://leilan.yale.edu/works/regional_survey/"
Tell Qarassa,129,408.9590149,3500,3000,10.9,41.46094742,36.83097528,"1. Ristvet.L., (2005) Settlement, Economy and Society in the Tell Leilan Region, Syria, 3000-1000 BC, PhD Thesis, King's College University of Cambridge, Faculty of Oriental Studies.  2.http://leilan.yale.edu/works/regional_survey/"
Tell Qarassa,129,408.9590149,4000,3500,5,41.46094742,36.83097528,"1. Ristvet.L., (2005) Settlement, Economy and Society in the Tell Leilan Region, Syria, 3000-1000 BC, PhD Thesis, King's College University of Cambridge, Faculty of Oriental Studies.  2.http://leilan.yale.edu/works/regional_survey/"
Tell Qarqur,46,574.8150024,2250,1600,23,36.33060958,35.74261415,"1. Dornemann. R. H., (2012) The Qarqur Challenge: The Bronze Age and Earlier, Near Eastern Archaeology 75(4), 220 - 231  2. Dornemann. R. H., (2012) The Qarqur Challenge: Middle Islamic through Iron Age, Near Eastern Archaeology 75(3), 162 - 176"
Tell Qastoun,57,501.0589905,1200,1000,10.2,36.38678748,35.68470642,"Graff. S., (2006) Economy and Society: an Archaeological Reconstruction of the Political and Informal Ecoomy of Northwestern Syria in the Third Millennium BC, volume 1, Phd Thesis, The University of Chicago"
Tell Qastoun,57,501.0589905,2400,1600,10.2,36.38678748,35.68470642,"Graff. S., (2006) Economy and Society: an Archaeological Reconstruction of the Political and Informal Ecoomy of Northwestern Syria in the Third Millennium BC, volume 1, Phd Thesis, The University of Chicago"
Tell Sahlan,93,279.1600037,1800,1600,10.5,38.99545642,36.58404839,"Curvers. H. H., (1991) Bronze Age Society in the Balikh Drainage (Syria), phd Thesis, Universitait van Amsterdam"
Tell Sh'eirat,39,288.2160034,2400,2000,27,36.94732758,34.48883717,"1. LAWRENCE, DAN (2012) Early Urbanism in the Northern Fertile Crescent: A Comparison of Regional Settlement Trajectories and Millennial Landscape Change, Durham theses, Durham University. Available at Durham E-Theses Online: http://etheses.dur.ac.uk/5921/ 2. al-Maqdissi, M. (2007). Notes d'archéologie levantine X. Introduction aux travaux archéologiques syriens à Mishrifeh/Qatna au nord-est de Homs (Émèse). Urban and Natural Landscapes of an Ancient Syrian Capital, Settlement and Environment at Tell Mishrifeh/Qatna and in Central-Western Syria. in Morandi Bonacossi, D. (ed). Udine, Universita degli studi di Udine/Direction Generale des Antiquites et des Musee de Syrie: 19-27."
Tell Sha'ir,92,476.822998,1200,1000,14.6,38.30273189,36.90233842,"Kouchoukos. N., (1998) Landscape and Social Change in Late Prehistoric Mesopotamia, phd thesis, Yale UniversityCorona Spy Photography Mission 1038, acquired 22/01/1967"
Tell Sha'ir,224,192.6239929,3000,2000,18,39.56056509,35.96718381,"Kouchoukos. N., (1998) Landscape and Social Change in Late Prehistoric Mesopotamia, phd thesis, Yale UniversityCorona Spy Photography Mission 1038, acquired 22/01/1967"
Tell Sha'ir,92,476.822998,3100,1900,14.6,38.30273189,36.90233842,"Kouchoukos. N., (1998) Landscape and Social Change in Late Prehistoric Mesopotamia, phd thesis, Yale UniversityCorona Spy Photography Mission 1038, acquired 22/01/1967"
Tell Sha'ir,92,476.822998,4000,3900,14.6,38.30273189,36.90233842,"Kouchoukos. N., (1998) Landscape and Social Change in Late Prehistoric Mesopotamia, phd thesis, Yale UniversityCorona Spy Photography Mission 1038, acquired 22/01/1967"
Tell Sharisi,165,415.0409851,2700,1200,98,41.36656932,36.89224453,"Meijer. D.J.W. (1986) A Survey of Northeastern Syria, Nederlands Historisch-Archaeologisch Instituut te Istanbul, Leiden"
Tell Talab,151,467.0180054,2000,1500,10,42.20303881,36.74508339,"Wilkinson. T. J., Tucker. D. J., (1995) Settlement and Development in the North Jazira, Iraq: A study of the Archaeological Landscape, British Schhol of Archaeology in Iraq Department of Antiquities and Heritage, Baghdad."
Tell Talab,151,467.0180054,2550,2000,7.5,42.20303881,36.74508339,"Wilkinson. T. J., Tucker. D. J., (1995) Settlement and Development in the North Jazira, Iraq: A study of the Archaeological Landscape, British Schhol of Archaeology in Iraq Department of Antiquities and Heritage, Baghdad."
Tell Talab,151,467.0180054,3900,2550,14.8,42.20303881,36.74508339,"Wilkinson. T. J., Tucker. D. J., (1995) Settlement and Development in the North Jazira, Iraq: A study of the Archaeological Landscape, British Schhol of Archaeology in Iraq Department of Antiquities and Heritage, Baghdad."
Tell Talab,151,467.0180054,4000,3900,5,42.20303881,36.74508339,"Wilkinson. T. J., Tucker. D. J., (1995) Settlement and Development in the North Jazira, Iraq: A study of the Archaeological Landscape, British Schhol of Archaeology in Iraq Department of Antiquities and Heritage, Baghdad."
Tell Taya,132,345.1879883,2350,1950,155,42.49375321,36.33266097,"1. Reade. J. E.,(1971) Tell Taya (1968 - 9): Summary Report, Iraq 33(2), 87 - 100  2.  Reade. J. E.,(1973) Tell Taya (1972 - 73): Summary Report, Iraq 35(2), 155 - 187"
Tell Tayinat,50,562.4879761,1200,1000,20,36.3759615,36.24788828,"Welton. L., Batiuk. S., Harrison. T. P., Lipovitch. D. R., Capper. M., (2011) Tell Tayinat in the Late Third Millennium. Recent Investigations of the Tayinat Archaeological Project, 2008 - 2010, Anatolica XXXVII 2. http://www.utoronto.ca/tap/reports.html (excavation reports)"
Tell Tayinat,50,562.4879761,1400,1200,1,36.3759615,36.24788828,"Welton. L., Batiuk. S., Harrison. T. P., Lipovitch. D. R., Capper. M., (2011) Tell Tayinat in the Late Third Millennium. Recent Investigations of the Tayinat Archaeological Project, 2008 - 2010, Anatolica XXXVII 2. http://www.utoronto.ca/tap/reports.html (excavation reports)"
Tell Tayinat,50,562.4879761,2500,1900,35,36.3759615,36.24788828,"Welton. L., Batiuk. S., Harrison. T. P., Lipovitch. D. R., Capper. M., (2011) Tell Tayinat in the Late Third Millennium. Recent Investigations of the Tayinat Archaeological Project, 2008 - 2010, Anatolica XXXVII 2. http://www.utoronto.ca/tap/reports.html (excavation reports)"
Tell Tayinat,50,562.4879761,3500,2500,20,36.3759615,36.24788828,"Welton. L., Batiuk. S., Harrison. T. P., Lipovitch. D. R., Capper. M., (2011) Tell Tayinat in the Late Third Millennium. Recent Investigations of the Tayinat Archaeological Project, 2008 - 2010, Anatolica XXXVII 2. http://www.utoronto.ca/tap/reports.html (excavation reports)"
Tell Tuqan,80,314.5,1050,1000,10.16,36.95826215,35.82759339,"1. http://www.telltuqan.it/ 2. Baffi. F., Peyronel. L., (2013) Trends in Village Life. Early Bronze Age Phases at Tell Tuqan, In ed Matthiae. P., Marchetti. N., Eblan and its Landscape: Early State Formation in the Ancient  Near East, p 195 - 214, Walnut Creek, Left Coast Press Inc"
Tell Tuqan,80,314.5,1100,1050,13.82,36.95826215,35.82759339,"1. http://www.telltuqan.it/ 2. Baffi. F., Peyronel. L., (2013) Trends in Village Life. Early Bronze Age Phases at Tell Tuqan, In ed Matthiae. P., Marchetti. N., Eblan and its Landscape: Early State Formation in the Ancient  Near East, p 195 - 214, Walnut Creek, Left Coast Press Inc"
Tell Tuqan,80,314.5,1150,1100,17.48,36.95826215,35.82759339,"1. http://www.telltuqan.it/ 2. Baffi. F., Peyronel. L., (2013) Trends in Village Life. Early Bronze Age Phases at Tell Tuqan, In ed Matthiae. P., Marchetti. N., Eblan and its Landscape: Early State Formation in the Ancient  Near East, p 195 - 214, Walnut Creek, Left Coast Press Inc"
Tell Tuqan,80,314.5,2000,1150,24.8,36.95826215,35.82759339,"1. http://www.telltuqan.it/ 2. Baffi. F., Peyronel. L., (2013) Trends in Village Life. Early Bronze Age Phases at Tell Tuqan, In ed Matthiae. P., Marchetti. N., Eblan and its Landscape: Early State Formation in the Ancient  Near East, p 195 - 214, Walnut Creek, Left Coast Press Inc"
Tell Tuqan,80,314.5,2600,2000,18.3,36.95826215,35.82759339,"1. http://www.telltuqan.it/ 2. Baffi. F., Peyronel. L., (2013) Trends in Village Life. Early Bronze Age Phases at Tell Tuqan, In ed Matthiae. P., Marchetti. N., Eblan and its Landscape: Early State Formation in the Ancient  Near East, p 195 - 214, Walnut Creek, Left Coast Press Inc"
Tell Zhamamak,225,200.2819977,3000,2000,18,39.95109108,35.96874504,"Kouchoukos. N., (1998) Landscape and Social Change in Late Prehistoric Mesopotamia, phd thesis, Yale University"
Tiladir Tepe,241,469.4360046,2500,1500,12.2,38.03650181,36.86418521,"Algaze. G., Breuninger. R., Knudstad. J. (1994) The Tigris-Euphrates Archaeological Reconnaissance Prject: Final Report of the Birecik and Carcemish Dam Survey Areas, Anatolica XX, p1 - 96"
Tilbeshar,37,493.4020081,1800,1600,56,37.55816043,36.87229498,"Kepinski, C. (2005). Tilbishar - A Bronze Age city in the Sajur Valley (Southeast Anatolia). Anatolica XXXI, 145 - 159."
Tilbeshar,37,493.4020081,1900,1800,30,37.55816043,36.87229498,"Kepinski, C. (2005). Tilbishar - A Bronze Age city in the Sajur Valley (Southeast Anatolia). Anatolica XXXI, 145 - 159."
Tilbeshar,37,493.4020081,2500,2050,56,37.55816043,36.87229498,"Kepinski, C. (2005). Tilbishar - A Bronze Age city in the Sajur Valley (Southeast Anatolia). Anatolica XXXI, 145 - 159."
Tilbeshar,37,493.4020081,2700,2500,30,37.55816043,36.87229498,"Kepinski, C. (2005). Tilbishar - A Bronze Age city in the Sajur Valley (Southeast Anatolia). Anatolica XXXI, 145 - 159."
Tilbeshar,37,493.4020081,3100,2700,5,37.55816043,36.87229498,"Kepinski, C. (2005). Tilbishar - A Bronze Age city in the Sajur Valley (Southeast Anatolia). Anatolica XXXI, 145 - 159."
Titrish Hoyuk,15,572.4000244,2200,1600,5,38.67598639,37.47607362,"Lawrence, D., Bradbury, J., & Dunford, R. (2012). Chronology, Uncertainty and GIS: A Methodology for Characterising and Understanding Landscapes of the Ancient Near East. Journal for Ancient Studies (Special Volume 3), 353–359."
Titrish Hoyuk,15,572.4000244,2400,2200,32,38.67598639,37.47607362,"Lawrence, D., Bradbury, J., & Dunford, R. (2012). Chronology, Uncertainty and GIS: A Methodology for Characterising and Understanding Landscapes of the Ancient Near East. Journal for Ancient Studies (Special Volume 3), 353–359."
Titrish Hoyuk,15,572.4000244,2600,2400,43,38.67598639,37.47607362,"Lawrence, D., Bradbury, J., & Dunford, R. (2012). Chronology, Uncertainty and GIS: A Methodology for Characterising and Understanding Landscapes of the Ancient Near East. Journal for Ancient Studies (Special Volume 3), 353–359."
Trafawi,239,223.7480011,2900,2250,10,40.45843799,36.19152943,"Kouchoukos. N., (1998) Landscape and Social Change in Late Prehistoric Mesopotamia, phd thesis, Yale University"
Tuenan,240,242.9640045,2900,2250,12,40.50498619,36.28972731,"Kouchoukos. N., (1998) Landscape and Social Change in Late Prehistoric Mesopotamia, phd thesis, Yale University"
Umm el-Marra,36,260.6180115,1900,1250,23,37.69350639,36.13341492,"1.Kroot, M. (2003). Excavations at Umm el-Marra, Syria, 2002. Hopkins Undergraduate Research Journal, 55 - 60  2.Schwartz, G. M., Curvers, H. H., Gerritsen, F. A., MacCormack, J. A., Miller, N. F., & Weber, J. A. (2000). Excavation and survey in the Jabbul Plain, western Syria: the Umm el-Marra project 1996-1997. Journal of American Archaeology, 104(3), 419 - 462."
Umm el-Marra,36,260.6180115,2800,2250,23,37.69350639,36.13341492,"1.Kroot, M. (2003). Excavations at Umm el-Marra, Syria, 2002. Hopkins Undergraduate Research Journal, 55 - 60  2.Schwartz, G. M., Curvers, H. H., Gerritsen, F. A., MacCormack, J. A., Miller, N. F., & Weber, J. A. (2000). Excavation and survey in the Jabbul Plain, western Syria: the Umm el-Marra project 1996-1997. Journal of American Archaeology, 104(3), 419 - 462."
